Kennziffer;Raumeinheit;Aggregat;Durchschnittsalter der Bevölkerung ;Durchschnittsalter der Bevölkerung ;Durchschnittsalter der Bevölkerung ;Durchschnittsalter der Bevölkerung ;Durchschnittsalter der Bevölkerung ;Durchschnittsalter der Bevölkerung ;Durchschnittsalter der Bevölkerung ;Durchschnittsalter der Bevölkerung ;Durchschnittsalter der Bevölkerung ;Durchschnittsalter der Bevölkerung ;Durchschnittsalter der Bevölkerung ;Durchschnittsalter der Bevölkerung ;Durchschnittsalter der Bevölkerung ;Durchschnittsalter der Bevölkerung ;Durchschnittsalter der Bevölkerung ;Durchschnittsalter der Bevölkerung ;Durchschnittsalter der Bevölkerung ;Durchschnittsalter der Bevölkerung ;Durchschnittsalter der Bevölkerung ;Durchschnittsalter der Bevölkerung ;Durchschnittsalter der Bevölkerung ;Durchschnittsalter der Bevölkerung ;Durchschnittsalter der Bevölkerung 
;;;1995;1996;1997;1998;1999;2000;2001;2002;2003;2004;2005;2006;2007;2008;2009;2010;2011;2012;2013;2014;2015;2016;2017
"01001";"Flensburg, Stadt";"krsfr. Stadt";"40,2";"40,4";"40,6";"40,8";"40,9";"41,0";"41,0";"41,1";"41,2";"41,2";"41,2";"41,4";"41,3";"41,3";"41,5";"41,6";"42,6";"42,5";"42,6";"42,6";"42,5";"42,3";"42,2"
"01002";"Kiel, Stadt";"krsfr. Stadt";"40,1";"40,3";"40,4";"40,6";"40,9";"41,0";"41,1";"41,0";"41,2";"41,2";"41,3";"41,3";"41,3";"41,4";"41,5";"41,6";"41,3";"41,4";"41,4";"41,5";"41,4";"41,4";"41,5"
"01003";"Lübeck, Stadt";"krsfr. Stadt";"41,8";"41,9";"42,0";"42,2";"42,4";"42,6";"42,7";"42,8";"42,9";"43,1";"43,3";"43,4";"43,5";"43,7";"43,8";"43,9";"44,3";"44,4";"44,5";"44,5";"44,5";"44,6";"44,7"
"01004";"Neumünster, Stadt";"krsfr. Stadt";"40,3";"40,4";"40,5";"40,7";"40,9";"41,1";"41,3";"41,4";"41,7";"41,9";"42,2";"42,3";"42,5";"42,7";"42,8";"43,0";"43,6";"43,9";"44,1";"44,2";"44,0";"44,1";"44,2"
"01051";"Dithmarschen";"Landkreis";"40,2";"40,2";"40,4";"40,6";"40,8";"41,0";"41,2";"41,5";"41,8";"42,1";"42,5";"42,8";"43,2";"43,5";"43,8";"44,1";"44,4";"44,7";"45,0";"45,3";"45,4";"45,6";"45,8"
"01053";"Herzogtum Lauenburg";"Landkreis";"40,1";"40,2";"40,3";"40,4";"40,5";"40,7";"40,9";"41,1";"41,3";"41,6";"41,9";"42,2";"42,5";"42,8";"43,1";"43,4";"43,8";"44,1";"44,3";"44,5";"44,5";"44,5";"44,6"
"01054";"Nordfriesland";"Landkreis";"39,7";"39,7";"39,9";"40,0";"40,2";"40,5";"40,7";"41,0";"41,3";"41,6";"41,9";"42,3";"42,6";"42,9";"43,3";"43,6";"44,1";"44,4";"44,8";"45,0";"45,1";"45,2";"45,4"
"01055";"Ostholstein";"Landkreis";"41,5";"41,7";"41,9";"42,1";"42,4";"42,7";"43,0";"43,3";"43,6";"44,0";"44,3";"44,7";"45,0";"45,4";"45,7";"46,1";"46,3";"46,6";"46,9";"47,2";"47,4";"47,5";"47,7"
"01056";"Pinneberg";"Landkreis";"40,2";"40,4";"40,5";"40,7";"40,9";"41,1";"41,3";"41,5";"41,7";"42,0";"42,2";"42,5";"42,8";"43,0";"43,3";"43,4";"43,8";"44,0";"44,1";"44,3";"44,4";"44,4";"44,4"
"01057";"Plön";"Landkreis";"40,1";"40,2";"40,3";"40,5";"40,7";"41,0";"41,3";"41,6";"41,9";"42,3";"42,7";"43,1";"43,5";"43,9";"44,3";"44,7";"45,3";"45,7";"46,0";"46,3";"46,3";"46,5";"46,7"
"01058";"Rendsburg-Eckernförde";"Landkreis";"39,5";"39,6";"39,7";"39,9";"40,1";"40,3";"40,5";"40,8";"41,1";"41,4";"41,7";"42,1";"42,4";"42,7";"43,0";"43,4";"43,8";"44,2";"44,5";"44,8";"44,9";"45,0";"45,2"
"01059";"Schleswig-Flensburg";"Landkreis";"39,2";"39,2";"39,4";"39,6";"39,8";"40,0";"40,3";"40,6";"40,9";"41,3";"41,7";"42,1";"42,4";"42,7";"43,0";"43,3";"43,7";"44,1";"44,5";"44,8";"44,9";"45,0";"45,1"
"01060";"Segeberg";"Landkreis";"39,0";"39,1";"39,3";"39,5";"39,7";"39,9";"40,1";"40,4";"40,6";"41,0";"41,3";"41,6";"41,9";"42,2";"42,6";"42,8";"43,3";"43,6";"43,9";"44,1";"44,2";"44,2";"44,3"
"01061";"Steinburg";"Landkreis";"39,7";"39,7";"39,9";"40,0";"40,2";"40,4";"40,6";"40,8";"41,0";"41,3";"41,7";"42,1";"42,4";"42,7";"43,0";"43,4";"43,9";"44,2";"44,5";"44,8";"44,8";"44,9";"45,1"
"01062";"Stormarn";"Landkreis";"40,5";"40,6";"40,8";"41,0";"41,2";"41,4";"41,6";"41,8";"42,1";"42,4";"42,7";"43,0";"43,2";"43,4";"43,6";"43,8";"44,1";"44,3";"44,5";"44,7";"44,7";"44,8";"45,0"
"02000";"Hamburg, Stadt";"krsfr. Stadt";"41,0";"41,1";"41,2";"41,2";"41,3";"41,3";"41,3";"41,4";"41,5";"41,5";"41,6";"41,7";"41,7";"41,8";"41,9";"41,9";"42,0";"42,0";"42,0";"42,0";"41,9";"41,7";"41,7"
"03101";"Braunschweig, Stadt";"krsfr. Stadt";"41,6";"41,8";"42,0";"42,1";"42,2";"42,4";"42,4";"42,5";"42,7";"42,7";"42,9";"43,0";"43,0";"43,1";"43,1";"43,1";"43,1";"43,1";"43,2";"43,2";"43,1";"43,3";"43,4"
"03102";"Salzgitter, Stadt";"krsfr. Stadt";"40,3";"40,6";"40,9";"41,2";"41,4";"41,7";"42,0";"42,2";"42,5";"42,9";"43,2";"43,5";"43,8";"44,0";"44,2";"44,5";"44,9";"45,1";"45,1";"45,1";"44,7";"44,2";"43,9"
"03103";"Wolfsburg, Stadt";"krsfr. Stadt";"40,7";"41,2";"41,7";"41,9";"42,2";"42,4";"42,7";"42,8";"43,0";"43,3";"43,5";"43,8";"44,0";"44,1";"44,2";"44,3";"44,1";"44,2";"44,1";"44,2";"44,0";"44,1";"44,1"
"03151";"Gifhorn";"Landkreis";"37,4";"37,5";"37,7";"37,9";"38,1";"38,4";"38,6";"38,9";"39,2";"39,6";"39,9";"40,3";"40,7";"41,1";"41,5";"41,9";"42,3";"42,6";"42,8";"43,0";"43,1";"43,3";"43,5"
"03153";"Goslar";"Landkreis";"42,6";"42,8";"43,0";"43,3";"43,5";"43,8";"44,0";"44,2";"44,5";"44,8";"45,1";"45,5";"45,8";"46,0";"46,3";"46,6";"46,8";"47,0";"47,2";"47,4";"47,3";"47,4";"47,5"
"03154";"Helmstedt";"Landkreis";"40,9";"41,1";"41,3";"41,4";"41,6";"41,8";"42,1";"42,3";"42,6";"42,9";"43,3";"43,5";"43,9";"44,2";"44,5";"44,9";"45,3";"45,6";"45,7";"45,8";"45,7";"45,6";"45,6"
"03155";"Northeim";"Landkreis";"41,2";"41,4";"41,5";"41,7";"41,9";"42,1";"42,4";"42,7";"42,9";"43,2";"43,5";"43,8";"44,1";"44,5";"44,9";"45,2";"45,6";"45,9";"46,1";"46,4";"46,3";"46,6";"46,7"
"03157";"Peine";"Landkreis";"40,0";"40,2";"40,3";"40,4";"40,4";"40,5";"40,7";"40,9";"41,1";"41,4";"41,7";"42,0";"42,3";"42,6";"42,9";"43,2";"43,6";"43,8";"44,0";"44,2";"44,1";"44,1";"44,2"
"03158";"Wolfenbüttel";"Landkreis";"40,5";"40,7";"40,8";"40,9";"41,0";"41,1";"41,4";"41,7";"41,9";"42,2";"42,5";"43,0";"43,3";"43,7";"44,0";"44,3";"44,6";"44,9";"45,2";"45,3";"45,3";"45,4";"45,6"
"03159";"Göttingen";"Landkreis";"39,6";"39,7";"39,8";"40,0";"40,3";"40,6";"40,9";"41,1";"41,4";"41,7";"42,0";"42,3";"42,6";"42,9";"43,2";"43,4";"43,8";"44,0";"44,2";"44,3";"44,1";"44,3";"44,3"
"03241";"Region Hannover";"Landkreis";"40,7";"40,8";"41,0";"41,1";"41,3";"41,5";"41,6";"41,8";"41,9";"42,1";"42,4";"42,6";"42,7";"42,9";"43,1";"43,2";"43,3";"43,4";"43,5";"43,6";"43,4";"43,5";"43,5"
"03251";"Diepholz";"Landkreis";"39,6";"39,8";"40,0";"40,1";"40,3";"40,5";"40,7";"40,9";"41,2";"41,5";"41,8";"42,1";"42,5";"42,8";"43,2";"43,4";"43,8";"44,1";"44,3";"44,5";"44,6";"44,7";"44,8"
"03252";"Hameln-Pyrmont";"Landkreis";"42,0";"42,1";"42,2";"42,4";"42,5";"42,7";"42,9";"43,1";"43,3";"43,5";"43,8";"44,1";"44,3";"44,6";"44,9";"45,2";"45,7";"45,9";"46,1";"46,3";"46,3";"46,4";"46,4"
"03254";"Hildesheim";"Landkreis";"40,7";"40,8";"41,0";"41,1";"41,3";"41,5";"41,7";"41,9";"42,1";"42,4";"42,7";"42,9";"43,2";"43,5";"43,8";"44,1";"44,3";"44,6";"44,8";"45,0";"44,9";"45,0";"45,1"
"03255";"Holzminden";"Landkreis";"41,4";"41,6";"41,8";"42,0";"42,2";"42,4";"42,7";"43,0";"43,2";"43,6";"43,9";"44,3";"44,5";"44,9";"45,1";"45,4";"45,8";"46,1";"46,2";"46,5";"46,5";"46,6";"46,7"
"03256";"Nienburg (Weser)";"Landkreis";"39,4";"39,5";"39,7";"39,9";"40,1";"40,3";"40,5";"40,8";"41,0";"41,3";"41,6";"41,9";"42,2";"42,5";"42,9";"43,2";"43,6";"44,0";"44,3";"44,5";"44,5";"44,5";"44,6"
"03257";"Schaumburg";"Landkreis";"41,0";"41,1";"41,2";"41,3";"41,5";"41,6";"41,9";"42,1";"42,3";"42,6";"43,0";"43,3";"43,6";"43,9";"44,3";"44,6";"45,1";"45,4";"45,7";"45,9";"46,0";"45,9";"46,0"
"03351";"Celle";"Landkreis";"39,8";"40,0";"40,1";"40,3";"40,5";"40,7";"40,9";"41,1";"41,4";"41,7";"41,9";"42,3";"42,6";"42,9";"43,2";"43,5";"43,9";"44,2";"44,4";"44,6";"44,6";"44,6";"44,7"
"03352";"Cuxhaven";"Landkreis";"40,6";"40,8";"41,0";"41,1";"41,3";"41,5";"41,7";"42,0";"42,3";"42,7";"43,0";"43,4";"43,7";"44,0";"44,3";"44,6";"45,0";"45,2";"45,5";"45,7";"45,8";"45,9";"46,0"
"03353";"Harburg";"Landkreis";"39,7";"39,9";"40,0";"40,2";"40,3";"40,5";"40,8";"41,0";"41,3";"41,6";"41,9";"42,2";"42,5";"42,8";"43,1";"43,4";"43,7";"43,9";"44,1";"44,3";"44,3";"44,4";"44,6"
"03354";"Lüchow-Dannenberg";"Landkreis";"41,6";"41,8";"41,9";"42,1";"42,4";"42,7";"43,0";"43,3";"43,5";"43,9";"44,2";"44,5";"44,8";"45,3";"45,6";"46,1";"46,5";"46,8";"47,1";"47,2";"46,8";"47,5";"47,7"
"03355";"Lüneburg";"Landkreis";"39,4";"39,5";"39,6";"39,7";"39,8";"39,9";"39,9";"40,0";"40,2";"40,4";"40,6";"40,9";"41,2";"41,4";"41,7";"41,9";"42,1";"42,4";"42,5";"42,7";"42,7";"42,8";"43,0"
"03356";"Osterholz";"Landkreis";"39,3";"39,6";"39,8";"40,0";"40,1";"40,4";"40,7";"40,9";"41,2";"41,6";"41,9";"42,3";"42,6";"43,0";"43,3";"43,7";"44,1";"44,4";"44,7";"45,0";"44,9";"45,2";"45,3"
"03357";"Rotenburg (Wümme)";"Landkreis";"38,5";"38,6";"38,7";"38,8";"38,9";"39,0";"39,2";"39,5";"39,7";"40,0";"40,3";"40,7";"41,0";"41,3";"41,7";"42,0";"42,4";"42,8";"43,1";"43,4";"43,5";"43,6";"43,9"
"03358";"Heidekreis";"Landkreis";"39,5";"39,6";"39,8";"39,9";"40,1";"40,3";"40,5";"40,7";"40,9";"41,2";"41,5";"41,8";"42,2";"42,5";"42,8";"43,1";"43,7";"43,9";"44,1";"44,4";"44,0";"44,3";"44,5"
"03359";"Stade";"Landkreis";"38,5";"38,7";"38,8";"38,9";"39,2";"39,4";"39,6";"39,9";"40,1";"40,4";"40,8";"41,1";"41,4";"41,7";"42,0";"42,2";"42,6";"42,9";"43,2";"43,4";"43,4";"43,5";"43,6"
"03360";"Uelzen";"Landkreis";"41,4";"41,6";"41,6";"41,8";"42,0";"42,2";"42,5";"42,6";"42,9";"43,2";"43,4";"43,7";"44,0";"44,4";"44,7";"44,9";"45,3";"45,6";"45,8";"46,1";"46,1";"46,3";"46,5"
"03361";"Verden";"Landkreis";"38,8";"38,9";"39,1";"39,2";"39,5";"39,7";"40,0";"40,3";"40,5";"40,9";"41,2";"41,6";"41,9";"42,2";"42,5";"42,8";"43,3";"43,5";"43,8";"43,9";"44,0";"44,1";"44,1"
"03401";"Delmenhorst, Stadt";"krsfr. Stadt";"39,3";"39,6";"39,8";"40,1";"40,3";"40,6";"41,0";"41,2";"41,5";"41,7";"42,0";"42,3";"42,7";"42,9";"43,2";"43,4";"43,9";"44,1";"44,1";"44,2";"44,0";"43,8";"43,7"
"03402";"Emden, Stadt";"krsfr. Stadt";"39,7";"39,9";"40,1";"40,3";"40,6";"40,8";"41,0";"41,2";"41,3";"41,5";"41,6";"41,8";"42,1";"42,3";"42,6";"42,7";"42,7";"42,8";"42,9";"43,0";"42,8";"43,0";"43,0"
"03403";"Oldenburg (Oldenburg), Stadt";"krsfr. Stadt";"39,8";"39,9";"40,0";"40,1";"40,3";"40,5";"40,5";"40,6";"40,7";"40,9";"41,1";"41,3";"41,5";"41,6";"41,7";"41,8";"41,8";"42,0";"42,1";"42,3";"42,2";"42,2";"42,2"
"03404";"Osnabrück, Stadt";"krsfr. Stadt";"40,0";"40,2";"40,4";"40,6";"40,8";"41,0";"41,1";"41,2";"41,3";"41,5";"41,7";"42,0";"42,1";"42,2";"42,3";"42,4";"42,1";"42,1";"42,2";"42,2";"41,7";"41,6";"41,6"
"03405";"Wilhelmshaven, Stadt";"krsfr. Stadt";"41,4";"41,8";"42,0";"42,3";"42,6";"43,0";"43,2";"43,4";"43,5";"43,8";"44,0";"44,3";"44,6";"44,9";"45,1";"45,1";"45,6";"45,8";"46,0";"46,2";"46,1";"46,0";"45,9"
"03451";"Ammerland";"Landkreis";"38,6";"38,8";"38,9";"39,2";"39,4";"39,7";"39,9";"40,2";"40,4";"40,8";"41,1";"41,4";"41,8";"42,2";"42,6";"43,0";"43,3";"43,7";"44,0";"44,3";"44,4";"44,4";"44,6"
"03452";"Aurich";"Landkreis";"38,4";"38,5";"38,7";"38,9";"39,2";"39,4";"39,7";"39,9";"40,3";"40,6";"41,0";"41,3";"41,7";"42,0";"42,4";"42,8";"43,3";"43,6";"43,9";"44,1";"44,3";"44,3";"44,6"
"03453";"Cloppenburg";"Landkreis";"35,1";"35,3";"35,5";"35,7";"35,9";"36,2";"36,4";"36,7";"37,0";"37,2";"37,5";"37,9";"38,2";"38,5";"38,7";"39,0";"39,4";"39,7";"39,9";"40,1";"40,1";"40,2";"40,3"
"03454";"Emsland";"Landkreis";"35,7";"36,0";"36,3";"36,6";"36,9";"37,2";"37,6";"37,9";"38,3";"38,6";"39,0";"39,4";"39,8";"40,1";"40,5";"40,8";"41,1";"41,4";"41,7";"41,9";"42,0";"42,1";"42,3"
"03455";"Friesland";"Landkreis";"39,9";"40,1";"40,2";"40,4";"40,7";"40,9";"41,1";"41,4";"41,7";"42,1";"42,5";"42,9";"43,3";"43,6";"44,0";"44,4";"44,9";"45,4";"45,7";"46,0";"46,1";"46,1";"46,4"
"03456";"Grafschaft Bentheim";"Landkreis";"37,8";"38,0";"38,2";"38,3";"38,5";"38,8";"39,0";"39,2";"39,4";"39,7";"40,0";"40,3";"40,6";"40,9";"41,2";"41,5";"42,0";"42,3";"42,5";"42,7";"42,8";"43,0";"43,2"
"03457";"Leer";"Landkreis";"38,1";"38,2";"38,4";"38,5";"38,7";"39,0";"39,2";"39,4";"39,8";"40,1";"40,5";"40,8";"41,2";"41,5";"41,8";"42,1";"42,5";"42,7";"43,0";"43,2";"43,3";"43,5";"43,6"
"03458";"Oldenburg";"Landkreis";"38,3";"38,5";"38,6";"38,8";"39,0";"39,2";"39,5";"39,7";"40,0";"40,4";"40,7";"41,0";"41,4";"41,8";"42,1";"42,4";"43,0";"43,3";"43,6";"43,8";"43,8";"43,9";"44,1"
"03459";"Osnabrück";"Landkreis";"37,3";"37,4";"37,5";"37,7";"37,9";"38,1";"38,4";"38,7";"39,5";"39,8";"40,1";"40,5";"40,8";"41,1";"41,5";"41,8";"42,2";"42,5";"42,8";"43,0";"42,9";"43,3";"43,5"
"03460";"Vechta";"Landkreis";"35,5";"35,6";"35,8";"36,0";"36,2";"36,4";"36,6";"36,8";"37,1";"37,3";"37,6";"37,9";"38,2";"38,5";"38,8";"39,0";"39,3";"39,5";"39,8";"39,9";"40,0";"40,1";"40,3"
"03461";"Wesermarsch";"Landkreis";"39,6";"39,7";"39,9";"40,1";"40,3";"40,6";"40,8";"41,0";"41,3";"41,6";"41,9";"42,3";"42,6";"42,9";"43,3";"43,6";"44,1";"44,3";"44,6";"44,9";"44,9";"45,1";"45,3"
"03462";"Wittmund";"Landkreis";"38,8";"39,0";"39,1";"39,2";"39,3";"39,7";"40,0";"40,3";"40,6";"41,0";"41,4";"41,9";"42,3";"42,7";"43,1";"43,4";"43,9";"44,2";"44,5";"44,8";"44,9";"45,2";"45,4"
"04011";"Bremen, Stadt";"krsfr. Stadt";"41,5";"41,6";"41,7";"41,9";"42,1";"42,2";"42,3";"42,4";"42,5";"42,6";"42,8";"42,9";"43,0";"43,2";"43,3";"43,4";"43,3";"43,4";"43,5";"43,5";"43,4";"43,2";"43,2"
"04012";"Bremerhaven, Stadt";"krsfr. Stadt";"40,6";"40,8";"41,1";"41,3";"41,6";"41,9";"42,2";"42,3";"42,5";"42,8";"43,0";"43,1";"43,3";"43,5";"43,6";"43,8";"44,0";"44,2";"44,2";"44,0";"43,3";"43,4";"43,4"
"05111";"Düsseldorf, Stadt";"krsfr. Stadt";"41,9";"41,9";"42,0";"42,1";"42,2";"42,3";"42,4";"42,4";"42,5";"42,6";"42,6";"42,7";"42,7";"42,6";"42,7";"42,7";"42,9";"42,9";"42,9";"42,8";"42,7";"42,7";"42,6"
"05112";"Duisburg, Stadt";"krsfr. Stadt";"40,7";"40,8";"41,0";"41,2";"41,4";"41,6";"41,8";"42,0";"42,2";"42,4";"42,6";"42,8";"42,9";"43,1";"43,2";"43,3";"43,4";"43,5";"43,5";"43,6";"43,4";"43,0";"43,1"
"05113";"Essen, Stadt";"krsfr. Stadt";"42,0";"42,1";"42,3";"42,5";"42,6";"42,8";"43,0";"43,2";"43,2";"43,4";"43,5";"43,7";"43,8";"43,9";"44,0";"44,1";"44,1";"44,2";"44,1";"44,1";"43,9";"43,8";"43,7"
"05114";"Krefeld, Stadt";"krsfr. Stadt";"40,2";"40,4";"40,7";"40,9";"41,2";"41,5";"41,7";"41,9";"42,2";"42,4";"42,7";"42,9";"43,2";"43,4";"43,6";"43,8";"44,0";"44,1";"44,3";"44,3";"44,3";"44,2";"44,2"
"05116";"Mönchengladbach, Stadt";"krsfr. Stadt";"39,9";"40,1";"40,2";"40,4";"40,7";"40,9";"41,1";"41,2";"41,5";"41,7";"41,9";"42,1";"42,3";"42,5";"42,8";"42,9";"43,4";"43,5";"43,7";"43,7";"43,6";"43,6";"43,6"
"05117";"Mülheim an der Ruhr, Stadt";"krsfr. Stadt";"42,6";"42,8";"42,9";"43,1";"43,3";"43,5";"43,7";"43,9";"44,2";"44,4";"44,5";"44,7";"44,9";"45,0";"45,2";"45,3";"45,5";"45,6";"45,7";"45,7";"45,5";"45,3";"45,3"
"05119";"Oberhausen, Stadt";"krsfr. Stadt";"40,6";"40,8";"40,9";"41,1";"41,3";"41,5";"41,7";"41,9";"42,1";"42,4";"42,6";"42,8";"43,0";"43,2";"43,5";"43,7";"44,0";"44,2";"44,4";"44,5";"44,4";"44,4";"44,4"
"05120";"Remscheid, Stadt";"krsfr. Stadt";"40,4";"40,6";"40,8";"40,9";"41,0";"41,2";"41,3";"41,5";"41,7";"41,9";"42,2";"42,5";"42,7";"43,0";"43,3";"43,5";"44,1";"44,3";"44,5";"44,6";"44,6";"44,4";"44,5"
"05122";"Solingen, Stadt";"krsfr. Stadt";"40,8";"40,9";"41,0";"41,1";"41,2";"41,4";"41,6";"41,8";"42,0";"42,2";"42,5";"42,7";"42,9";"43,1";"43,4";"43,6";"43,7";"43,9";"44,0";"44,1";"43,9";"44,0";"44,1"
"05124";"Wuppertal, Stadt";"krsfr. Stadt";"40,8";"40,9";"41,1";"41,3";"41,5";"41,7";"41,9";"42,1";"42,3";"42,4";"42,6";"42,8";"43,0";"43,1";"43,3";"43,4";"43,5";"43,6";"43,7";"43,7";"43,5";"43,3";"43,2"
"05154";"Kleve";"Landkreis";"38,5";"38,7";"38,8";"39,0";"39,2";"39,5";"39,7";"40,0";"40,3";"40,6";"40,9";"41,2";"41,5";"41,8";"42,2";"42,4";"42,8";"43,0";"43,3";"43,4";"43,4";"43,6";"43,7"
"05158";"Mettmann";"Landkreis";"40,3";"40,6";"40,8";"41,0";"41,2";"41,4";"41,7";"42,0";"42,3";"42,6";"42,9";"43,2";"43,5";"43,8";"44,2";"44,5";"44,8";"45,1";"45,3";"45,4";"45,3";"45,4";"45,4"
"05162";"Rhein-Kreis Neuss";"Landkreis";"39,4";"39,6";"39,8";"40,0";"40,3";"40,5";"40,8";"41,0";"41,3";"41,7";"42,0";"42,3";"42,6";"42,8";"43,1";"43,3";"43,7";"43,9";"44,1";"44,2";"44,1";"44,4";"44,4"
"05166";"Viersen";"Landkreis";"39,4";"39,4";"39,5";"39,6";"39,8";"40,1";"40,3";"40,6";"40,9";"41,2";"41,6";"41,9";"42,2";"42,6";"42,9";"43,3";"43,6";"43,9";"44,3";"44,5";"44,6";"44,7";"44,9"
"05170";"Wesel";"Landkreis";"39,2";"39,4";"39,7";"39,9";"40,2";"40,5";"40,8";"41,1";"41,4";"41,8";"42,1";"42,5";"42,9";"43,2";"43,6";"43,9";"44,3";"44,6";"44,9";"45,1";"45,1";"45,3";"45,5"
"05314";"Bonn, Stadt";"krsfr. Stadt";"40,6";"40,3";"40,3";"40,5";"40,7";"40,7";"40,7";"40,7";"40,8";"41,0";"41,2";"41,3";"41,4";"41,5";"41,6";"41,5";"41,2";"41,2";"41,3";"41,3";"41,2";"41,2";"41,1"
"05315";"Köln, Stadt";"krsfr. Stadt";"40,0";"40,2";"40,3";"40,4";"40,6";"40,7";"40,8";"41,0";"41,1";"41,3";"41,2";"41,3";"41,4";"41,5";"41,5";"41,5";"41,4";"41,5";"41,5";"41,5";"41,4";"41,3";"41,3"
"05316";"Leverkusen, Stadt";"krsfr. Stadt";"40,7";"40,8";"41,0";"41,3";"41,5";"41,8";"42,0";"42,2";"42,3";"42,5";"42,7";"42,9";"43,1";"43,3";"43,5";"43,7";"43,9";"44,0";"44,0";"44,1";"43,9";"44,1";"44,1"
"05334";"Städteregion Aachen";"Landkreis";"39,5";"39,7";"39,9";"40,1";"40,3";"40,4";"40,6";"40,8";"40,7";"40,9";"41,2";"41,4";"41,6";"41,8";"42,1";"42,3";"42,3";"42,5";"42,6";"42,6";"42,6";"42,7";"42,8"
"05358";"Düren";"Landkreis";"38,8";"39,0";"39,1";"39,3";"39,4";"39,6";"39,8";"40,0";"40,3";"40,7";"41,0";"41,4";"41,7";"42,0";"42,4";"42,7";"43,1";"43,4";"43,7";"43,8";"43,8";"44,0";"44,0"
"05362";"Rhein-Erft-Kreis";"Landkreis";"39,2";"39,4";"39,6";"39,8";"40,0";"40,3";"40,5";"40,7";"41,0";"41,3";"41,6";"41,9";"42,2";"42,5";"42,8";"43,0";"43,3";"43,5";"43,7";"43,8";"43,7";"43,9";"44,0"
"05366";"Euskirchen";"Landkreis";"39,0";"39,2";"39,4";"39,5";"39,7";"40,0";"40,2";"40,4";"40,7";"41,0";"41,3";"41,6";"42,0";"42,3";"42,6";"43,0";"43,3";"43,7";"43,9";"44,2";"44,1";"44,4";"44,5"
"05370";"Heinsberg";"Landkreis";"38,3";"38,4";"38,6";"38,8";"39,0";"39,2";"39,4";"39,7";"39,9";"40,3";"40,6";"41,0";"41,3";"41,7";"42,0";"42,4";"42,8";"43,1";"43,4";"43,6";"43,7";"43,9";"44,0"
"05374";"Oberbergischer Kreis";"Landkreis";"38,7";"38,8";"38,9";"39,0";"39,2";"39,4";"39,7";"39,9";"40,1";"40,4";"40,8";"41,1";"41,4";"41,7";"42,1";"42,4";"42,9";"43,2";"43,4";"43,7";"43,6";"43,8";"43,9"
"05378";"Rheinisch-Bergischer Kreis";"Landkreis";"40,1";"40,3";"40,4";"40,6";"40,8";"41,0";"41,3";"41,5";"41,7";"42,0";"42,4";"42,7";"43,0";"43,3";"43,6";"43,9";"44,2";"44,5";"44,7";"45,0";"45,0";"45,1";"45,3"
"05382";"Rhein-Sieg-Kreis";"Landkreis";"38,8";"38,9";"39,1";"39,2";"39,4";"39,6";"39,8";"40,0";"40,3";"40,6";"40,9";"41,3";"41,6";"41,9";"42,2";"42,5";"42,8";"43,1";"43,4";"43,6";"43,5";"43,7";"43,9"
"05512";"Bottrop, Stadt";"krsfr. Stadt";"40,2";"40,3";"40,5";"40,8";"41,0";"41,2";"41,5";"41,7";"42,0";"42,2";"42,5";"42,8";"43,1";"43,4";"43,6";"43,9";"44,1";"44,4";"44,7";"44,9";"44,8";"44,9";"45,0"
"05513";"Gelsenkirchen, Stadt";"krsfr. Stadt";"40,8";"41,0";"41,1";"41,3";"41,5";"41,7";"41,9";"42,0";"42,2";"42,5";"42,6";"42,8";"42,9";"43,0";"43,2";"43,3";"43,5";"43,5";"43,6";"43,6";"43,4";"43,2";"43,2"
"05515";"Münster, Stadt";"krsfr. Stadt";"38,8";"38,9";"39,1";"39,3";"39,5";"39,6";"39,7";"39,9";"40,0";"40,2";"40,4";"40,6";"40,8";"40,9";"41,0";"41,0";"40,5";"40,6";"40,6";"40,7";"40,5";"40,6";"40,6"
"05554";"Borken";"Landkreis";"36,2";"36,4";"36,6";"36,8";"37,0";"37,3";"37,6";"37,8";"38,1";"38,5";"38,8";"39,2";"39,5";"39,8";"40,2";"40,5";"40,9";"41,3";"41,6";"41,9";"41,9";"42,2";"42,4"
"05558";"Coesfeld";"Landkreis";"36,7";"36,9";"37,1";"37,4";"37,6";"37,9";"38,2";"38,5";"38,9";"39,2";"39,6";"40,0";"40,4";"40,9";"41,3";"41,7";"42,3";"42,7";"43,0";"43,3";"43,4";"43,6";"43,9"
"05562";"Recklinghausen";"Landkreis";"39,7";"39,9";"40,1";"40,4";"40,7";"40,9";"41,2";"41,5";"41,8";"42,1";"42,4";"42,7";"43,0";"43,3";"43,6";"43,9";"44,3";"44,5";"44,8";"45,0";"44,9";"45,0";"45,1"
"05566";"Steinfurt";"Landkreis";"37,4";"37,5";"37,7";"37,9";"38,1";"38,4";"38,6";"38,9";"39,2";"39,5";"39,8";"40,1";"40,4";"40,8";"41,1";"41,4";"41,9";"42,2";"42,5";"42,7";"42,7";"42,9";"43,0"
"05570";"Warendorf";"Landkreis";"37,8";"38,0";"38,2";"38,4";"38,6";"38,8";"39,0";"39,3";"39,6";"39,9";"40,2";"40,6";"40,9";"41,3";"41,7";"42,0";"42,5";"42,8";"43,1";"43,4";"43,3";"43,5";"43,7"
"05711";"Bielefeld, Stadt";"krsfr. Stadt";"40,8";"40,9";"41,0";"41,1";"41,2";"41,2";"41,3";"41,4";"41,3";"41,4";"41,6";"41,8";"41,9";"42,0";"42,1";"42,2";"42,2";"42,3";"42,4";"42,5";"42,4";"42,4";"42,4"
"05754";"Gütersloh";"Landkreis";"37,9";"38,0";"38,1";"38,3";"38,4";"38,6";"38,8";"39,1";"39,4";"39,6";"39,9";"40,3";"40,5";"40,8";"41,1";"41,4";"41,9";"42,1";"42,4";"42,6";"42,5";"42,7";"42,8"
"05758";"Herford";"Landkreis";"40,4";"40,5";"40,5";"40,7";"40,8";"40,9";"41,0";"41,2";"41,5";"41,7";"42,0";"42,2";"42,4";"42,7";"42,9";"43,2";"43,7";"43,9";"44,1";"44,3";"44,2";"44,4";"44,4"
"05762";"Höxter";"Landkreis";"38,7";"38,8";"39,0";"39,2";"39,4";"39,6";"39,9";"40,2";"40,5";"40,8";"41,2";"41,5";"41,9";"42,3";"42,6";"42,9";"43,4";"43,7";"44,0";"44,2";"44,2";"44,7";"44,8"
"05766";"Lippe";"Landkreis";"39,8";"39,9";"39,9";"40,1";"40,3";"40,5";"40,7";"40,9";"41,1";"41,4";"41,7";"42,0";"42,2";"42,4";"42,7";"42,9";"43,4";"43,6";"43,9";"44,0";"43,8";"44,1";"44,1"
"05770";"Minden-Lübbecke";"Landkreis";"39,9";"39,9";"40,0";"40,1";"40,3";"40,5";"40,7";"40,9";"41,1";"41,4";"41,6";"41,9";"42,1";"42,4";"42,6";"42,9";"43,4";"43,6";"43,8";"44,0";"43,9";"44,0";"44,1"
"05774";"Paderborn";"Landkreis";"36,7";"36,8";"37,0";"37,2";"37,4";"37,6";"37,8";"38,1";"38,4";"38,6";"38,9";"39,3";"39,6";"39,9";"40,2";"40,4";"40,6";"40,9";"41,2";"41,3";"41,3";"41,5";"41,7"
"05911";"Bochum, Stadt";"krsfr. Stadt";"41,2";"41,4";"41,6";"41,9";"42,1";"42,3";"42,4";"42,6";"42,8";"42,9";"43,1";"43,3";"43,5";"43,7";"44,0";"44,1";"44,2";"44,3";"44,4";"44,4";"44,3";"44,2";"44,2"
"05913";"Dortmund, Stadt";"krsfr. Stadt";"41,0";"41,1";"41,2";"41,4";"41,6";"41,7";"41,9";"42,0";"42,1";"42,3";"42,4";"42,6";"42,8";"42,9";"43,1";"43,2";"43,2";"43,3";"43,3";"43,2";"43,1";"43,1";"43,1"
"05914";"Hagen, Stadt";"krsfr. Stadt";"41,0";"41,1";"41,3";"41,5";"41,6";"41,9";"42,0";"42,2";"42,3";"42,5";"42,8";"43,0";"43,2";"43,4";"43,6";"43,8";"44,3";"44,5";"44,6";"44,6";"44,3";"44,3";"44,3"
"05915";"Hamm, Stadt";"krsfr. Stadt";"39,2";"39,4";"39,6";"39,7";"39,8";"40,0";"40,1";"40,3";"40,6";"40,9";"41,2";"41,4";"41,7";"41,9";"42,1";"42,3";"42,7";"42,9";"43,0";"43,1";"42,9";"43,0";"43,1"
"05916";"Herne, Stadt";"krsfr. Stadt";"41,0";"41,2";"41,3";"41,5";"41,7";"41,9";"42,1";"42,3";"42,5";"42,7";"43,0";"43,2";"43,5";"43,8";"44,0";"44,1";"44,3";"44,4";"44,5";"44,5";"44,4";"44,2";"44,2"
"05954";"Ennepe-Ruhr-Kreis";"Landkreis";"41,1";"41,3";"41,5";"41,7";"41,8";"42,0";"42,2";"42,5";"42,8";"43,1";"43,3";"43,6";"43,8";"44,1";"44,4";"44,7";"45,1";"45,3";"45,5";"45,6";"45,5";"45,6";"45,7"
"05958";"Hochsauerlandkreis";"Landkreis";"38,8";"39,0";"39,2";"39,4";"39,7";"40,0";"40,2";"40,5";"40,8";"41,1";"41,4";"41,7";"42,0";"42,3";"42,6";"43,0";"43,4";"43,8";"44,1";"44,3";"44,3";"44,5";"44,6"
"05962";"Märkischer Kreis";"Landkreis";"39,1";"39,3";"39,4";"39,6";"39,8";"40,1";"40,3";"40,5";"40,8";"41,1";"41,5";"41,8";"42,1";"42,4";"42,7";"43,0";"43,4";"43,7";"44,0";"44,3";"44,3";"44,4";"44,5"
"05966";"Olpe";"Landkreis";"37,6";"37,8";"38,0";"38,1";"38,3";"38,6";"38,9";"39,2";"39,5";"39,8";"40,1";"40,4";"40,8";"41,0";"41,4";"41,8";"42,2";"42,5";"42,8";"43,1";"43,0";"43,3";"43,5"
"05970";"Siegen-Wittgenstein";"Landkreis";"39,1";"39,3";"39,5";"39,7";"40,0";"40,3";"40,5";"40,8";"41,0";"41,4";"41,6";"42,0";"42,2";"42,5";"42,8";"43,0";"43,4";"43,6";"43,8";"43,9";"43,6";"43,8";"43,9"
"05974";"Soest";"Landkreis";"38,6";"38,8";"38,9";"39,1";"39,4";"39,6";"39,8";"40,1";"40,4";"40,7";"41,0";"41,3";"41,6";"41,9";"42,3";"42,6";"43,1";"43,3";"43,6";"43,8";"43,6";"43,8";"44,0"
"05978";"Unna";"Landkreis";"39,2";"39,3";"39,5";"39,7";"40,0";"40,2";"40,5";"40,8";"41,2";"41,5";"41,8";"42,2";"42,6";"42,9";"43,2";"43,5";"44,1";"44,4";"44,6";"44,8";"44,7";"45,0";"45,1"
"06411";"Darmstadt, Stadt";"krsfr. Stadt";"41,0";"41,1";"41,2";"41,2";"41,3";"41,3";"41,4";"41,4";"41,5";"41,5";"41,6";"41,7";"41,7";"41,7";"41,7";"41,6";"41,1";"41,0";"40,9";"40,9";"40,6";"40,4";"40,4"
"06412";"Frankfurt am Main, Stadt";"krsfr. Stadt";"41,0";"41,1";"41,2";"41,3";"41,4";"41,5";"41,4";"41,5";"41,5";"41,6";"41,6";"41,6";"41,6";"41,5";"41,5";"41,5";"40,7";"40,7";"40,6";"40,6";"40,4";"40,4";"40,3"
"06413";"Offenbach am Main, Stadt";"krsfr. Stadt";"40,2";"40,2";"40,3";"40,4";"40,4";"40,4";"40,3";"40,3";"40,4";"40,6";"40,7";"40,8";"40,9";"40,9";"41,0";"40,9";"41,0";"40,9";"40,8";"40,8";"40,6";"40,6";"40,5"
"06414";"Wiesbaden, Stadt";"krsfr. Stadt";"41,3";"41,3";"41,4";"41,5";"41,5";"41,6";"41,6";"41,7";"41,8";"41,9";"42,0";"42,1";"42,2";"42,2";"42,3";"42,4";"42,3";"42,4";"42,4";"42,5";"42,5";"42,5";"42,5"
"06431";"Bergstraße";"Landkreis";"39,7";"39,9";"40,1";"40,3";"40,5";"40,8";"41,0";"41,3";"41,5";"41,8";"42,2";"42,5";"42,8";"43,1";"43,4";"43,7";"44,0";"44,2";"44,4";"44,6";"44,6";"44,7";"44,8"
"06432";"Darmstadt-Dieburg";"Landkreis";"38,6";"38,8";"39,0";"39,2";"39,4";"39,7";"40,0";"40,2";"40,5";"40,9";"41,2";"41,5";"41,9";"42,1";"42,5";"42,7";"43,0";"43,2";"43,4";"43,5";"43,5";"43,6";"43,7"
"06433";"Groß-Gerau";"Landkreis";"39,1";"39,2";"39,4";"39,6";"39,8";"40,0";"40,2";"40,4";"40,6";"40,9";"41,1";"41,4";"41,6";"41,8";"42,0";"42,2";"42,3";"42,4";"42,5";"42,5";"42,4";"42,4";"42,4"
"06434";"Hochtaunuskreis";"Landkreis";"41,0";"41,1";"41,2";"41,4";"41,5";"41,7";"41,8";"42,0";"42,3";"42,5";"42,7";"43,0";"43,2";"43,4";"43,7";"43,8";"43,9";"44,0";"44,2";"44,3";"44,3";"44,4";"44,5"
"06435";"Main-Kinzig-Kreis";"Landkreis";"39,3";"39,5";"39,7";"39,9";"40,1";"40,4";"40,6";"40,8";"41,1";"41,4";"41,7";"42,1";"42,4";"42,7";"43,0";"43,2";"43,4";"43,6";"43,8";"43,9";"43,9";"43,9";"44,0"
"06436";"Main-Taunus-Kreis";"Landkreis";"40,1";"40,3";"40,5";"40,8";"40,9";"41,1";"41,3";"41,4";"41,7";"41,9";"42,2";"42,4";"42,5";"42,7";"42,9";"43,1";"43,3";"43,4";"43,5";"43,6";"43,6";"43,5";"43,6"
"06437";"Odenwaldkreis";"Landkreis";"39,1";"39,3";"39,5";"39,8";"40,1";"40,3";"40,7";"40,9";"41,3";"41,6";"42,0";"42,5";"42,8";"43,2";"43,5";"43,8";"44,1";"44,4";"44,6";"44,9";"45,0";"45,3";"45,5"
"06438";"Offenbach";"Landkreis";"39,6";"39,7";"39,9";"40,2";"40,4";"40,6";"40,8";"41,0";"41,3";"41,6";"41,9";"42,2";"42,5";"42,7";"43,0";"43,2";"43,2";"43,4";"43,6";"43,7";"43,5";"43,5";"43,6"
"06439";"Rheingau-Taunus-Kreis";"Landkreis";"39,4";"39,6";"39,8";"40,1";"40,3";"40,6";"40,8";"41,1";"41,4";"41,8";"42,1";"42,5";"42,8";"43,2";"43,5";"43,9";"44,1";"44,3";"44,6";"44,8";"44,9";"44,9";"45,0"
"06440";"Wetteraukreis";"Landkreis";"39,5";"39,6";"39,8";"39,9";"40,1";"40,3";"40,5";"40,7";"41,0";"41,3";"41,6";"41,9";"42,2";"42,5";"42,8";"43,1";"43,2";"43,4";"43,6";"43,8";"43,8";"43,9";"44,0"
"06531";"Gießen";"Landkreis";"38,7";"38,9";"39,1";"39,4";"39,6";"39,8";"40,0";"40,3";"40,5";"40,8";"41,1";"41,4";"41,6";"41,8";"42,0";"42,1";"42,1";"42,3";"42,4";"42,3";"42,3";"42,2";"42,3"
"06532";"Lahn-Dill-Kreis";"Landkreis";"39,3";"39,5";"39,7";"39,9";"40,1";"40,4";"40,6";"40,8";"41,1";"41,4";"41,7";"42,0";"42,3";"42,6";"42,9";"43,2";"43,4";"43,7";"44,0";"44,2";"44,2";"44,3";"44,4"
"06533";"Limburg-Weilburg";"Landkreis";"39,1";"39,2";"39,4";"39,5";"39,7";"39,9";"40,2";"40,4";"40,6";"40,9";"41,2";"41,6";"41,9";"42,2";"42,5";"42,8";"43,1";"43,4";"43,6";"43,9";"43,9";"44,0";"44,2"
"06534";"Marburg-Biedenkopf";"Landkreis";"38,1";"38,2";"38,5";"38,7";"38,9";"39,3";"39,6";"39,8";"40,1";"40,4";"40,7";"40,9";"41,2";"41,4";"41,7";"41,9";"41,9";"42,1";"42,2";"42,5";"42,4";"42,5";"42,5"
"06535";"Vogelsbergkreis";"Landkreis";"40,2";"40,3";"40,5";"40,8";"41,1";"41,3";"41,6";"41,9";"42,3";"42,6";"43,0";"43,4";"43,8";"44,2";"44,6";"45,0";"45,2";"45,6";"45,8";"46,1";"45,9";"46,1";"46,2"
"06611";"Kassel, Stadt";"krsfr. Stadt";"41,3";"41,4";"41,5";"41,7";"41,8";"42,0";"42,0";"42,2";"42,2";"42,3";"42,4";"42,6";"42,6";"42,7";"42,7";"42,8";"42,5";"42,5";"42,5";"42,5";"42,3";"42,2";"42,1"
"06631";"Fulda";"Landkreis";"38,7";"38,8";"38,9";"39,1";"39,4";"39,6";"39,9";"40,1";"40,3";"40,6";"40,9";"41,2";"41,5";"41,8";"42,1";"42,4";"42,6";"42,9";"43,1";"43,3";"43,3";"43,4";"43,5"
"06632";"Hersfeld-Rotenburg";"Landkreis";"40,9";"41,1";"41,3";"41,5";"41,8";"42,1";"42,3";"42,6";"42,9";"43,2";"43,5";"43,8";"44,1";"44,3";"44,6";"44,8";"45,0";"45,2";"45,4";"45,6";"45,3";"45,5";"45,5"
"06633";"Kassel";"Landkreis";"40,2";"40,5";"40,7";"40,9";"41,2";"41,4";"41,8";"42,1";"42,4";"42,8";"43,1";"43,5";"43,9";"44,3";"44,6";"44,9";"45,2";"45,5";"45,8";"46,0";"46,0";"46,0";"46,1"
"06634";"Schwalm-Eder-Kreis";"Landkreis";"39,7";"39,9";"40,1";"40,3";"40,6";"40,8";"41,1";"41,4";"41,7";"42,0";"42,4";"42,8";"43,1";"43,4";"43,8";"44,1";"44,4";"44,7";"44,9";"45,2";"45,2";"45,2";"45,4"
"06635";"Waldeck-Frankenberg";"Landkreis";"39,7";"39,9";"40,1";"40,3";"40,5";"40,8";"41,1";"41,3";"41,6";"41,9";"42,2";"42,6";"42,9";"43,2";"43,5";"43,9";"44,2";"44,5";"44,8";"45,0";"45,0";"45,0";"45,2"
"06636";"Werra-Meißner-Kreis";"Landkreis";"41,3";"41,5";"41,7";"41,9";"42,2";"42,5";"42,8";"43,1";"43,3";"43,7";"44,0";"44,4";"44,8";"45,1";"45,4";"45,6";"46,0";"46,3";"46,5";"46,7";"46,7";"46,6";"46,6"
"07111";"Koblenz, Stadt";"krsfr. Stadt";"41,5";"41,7";"41,8";"42,0";"42,2";"42,4";"42,6";"42,7";"42,9";"43,1";"43,3";"43,5";"43,6";"43,6";"43,7";"43,8";"43,8";"43,6";"43,6";"43,6";"43,5";"43,4";"43,4"
"07131";"Ahrweiler";"Landkreis";"40,4";"40,5";"40,6";"40,8";"41,0";"41,3";"41,5";"41,8";"42,2";"42,5";"42,9";"43,3";"43,6";"44,0";"44,4";"44,7";"45,0";"45,3";"45,6";"45,8";"45,9";"46,0";"46,0"
"07132";"Altenkirchen (Westerwald)";"Landkreis";"39,1";"39,2";"39,4";"39,6";"39,9";"40,2";"40,4";"40,7";"41,0";"41,3";"41,7";"42,0";"42,3";"42,6";"43,0";"43,3";"43,5";"43,8";"44,1";"44,3";"44,3";"44,5";"44,7"
"07133";"Bad Kreuznach";"Landkreis";"40,2";"40,3";"40,5";"40,7";"40,9";"41,1";"41,4";"41,6";"41,8";"42,1";"42,4";"42,7";"43,0";"43,2";"43,5";"43,8";"44,2";"44,4";"44,6";"44,9";"45,0";"45,1";"45,2"
"07134";"Birkenfeld";"Landkreis";"40,6";"40,7";"40,9";"41,2";"41,4";"41,6";"41,8";"42,1";"42,4";"42,7";"43,1";"43,4";"43,7";"44,0";"44,4";"44,7";"45,1";"45,6";"45,8";"46,0";"46,1";"46,1";"46,1"
"07135";"Cochem-Zell";"Landkreis";"40,0";"40,3";"40,4";"40,7";"41,0";"41,3";"41,6";"41,8";"42,1";"42,4";"42,7";"43,2";"43,5";"43,7";"44,1";"44,5";"44,8";"45,1";"45,4";"45,6";"45,7";"46,0";"46,1"
"07137";"Mayen-Koblenz";"Landkreis";"39,9";"40,0";"40,1";"40,3";"40,5";"40,8";"41,0";"41,2";"41,5";"41,7";"42,0";"42,3";"42,6";"42,8";"43,1";"43,4";"43,7";"44,0";"44,2";"44,4";"44,5";"44,5";"44,6"
"07138";"Neuwied";"Landkreis";"40,0";"40,1";"40,2";"40,3";"40,5";"40,7";"40,9";"41,1";"41,4";"41,6";"41,9";"42,3";"42,6";"42,9";"43,3";"43,6";"43,7";"44,0";"44,2";"44,4";"44,5";"44,5";"44,6"
"07140";"Rhein-Hunsrück-Kreis";"Landkreis";"39,3";"39,5";"39,7";"39,9";"40,1";"40,3";"40,6";"40,8";"41,1";"41,5";"41,8";"42,2";"42,5";"42,9";"43,2";"43,5";"44,0";"44,3";"44,6";"44,8";"44,9";"45,0";"45,2"
"07141";"Rhein-Lahn-Kreis";"Landkreis";"40,6";"40,8";"40,9";"41,1";"41,3";"41,5";"41,7";"41,9";"42,1";"42,5";"42,8";"43,1";"43,5";"43,7";"44,1";"44,4";"44,6";"44,9";"45,2";"45,3";"45,1";"45,4";"45,5"
"07143";"Westerwaldkreis";"Landkreis";"38,7";"38,8";"39,0";"39,1";"39,3";"39,6";"39,9";"40,1";"40,3";"40,6";"41,0";"41,3";"41,6";"42,0";"42,3";"42,6";"43,0";"43,3";"43,5";"43,8";"43,9";"44,0";"44,2"
"07211";"Trier, Stadt";"krsfr. Stadt";"40,4";"40,5";"40,6";"40,7";"40,8";"41,0";"41,0";"41,1";"41,3";"41,5";"41,7";"41,1";"41,2";"41,1";"41,3";"41,2";"41,0";"41,2";"41,3";"41,2";"40,3";"41,2";"41,3"
"07231";"Bernkastel-Wittlich";"Landkreis";"39,8";"40,0";"40,2";"40,4";"40,6";"40,9";"40,7";"41,0";"41,2";"41,5";"41,8";"42,1";"42,4";"42,7";"43,1";"43,4";"44,1";"44,4";"44,7";"44,9";"44,9";"45,0";"45,2"
"07232";"Eifelkreis Bitburg-Prüm";"Landkreis";"39,2";"39,3";"39,6";"39,8";"40,1";"40,3";"40,6";"40,8";"41,1";"41,5";"41,6";"42,0";"42,3";"42,5";"42,8";"43,1";"43,1";"43,3";"43,5";"43,7";"43,8";"43,8";"43,9"
"07233";"Vulkaneifel";"Landkreis";"39,8";"40,0";"40,1";"40,3";"40,6";"40,8";"41,1";"41,4";"41,7";"42,1";"42,4";"42,8";"43,1";"43,6";"43,9";"44,2";"44,6";"45,0";"45,3";"45,6";"45,7";"45,9";"46,0"
"07235";"Trier-Saarburg";"Landkreis";"38,9";"39,1";"39,4";"39,5";"39,8";"40,1";"40,7";"40,9";"41,2";"41,5";"41,8";"42,1";"42,3";"42,6";"42,8";"43,1";"43,0";"43,3";"43,5";"43,7";"43,6";"43,9";"44,0"
"07311";"Frankenthal (Pfalz), Stadt";"krsfr. Stadt";"40,3";"40,5";"40,7";"41,1";"41,4";"41,7";"42,0";"42,3";"42,6";"42,9";"43,2";"43,5";"43,7";"43,9";"44,1";"44,3";"44,0";"44,1";"44,3";"44,3";"44,2";"44,2";"44,3"
"07312";"Kaiserslautern, Stadt";"krsfr. Stadt";"40,6";"40,8";"41,0";"41,1";"41,4";"41,6";"41,7";"41,9";"42,0";"42,2";"42,5";"42,6";"42,8";"42,9";"42,7";"42,7";"42,5";"42,6";"42,7";"42,9";"42,8";"42,8";"42,7"
"07313";"Landau in der Pfalz, Stadt";"krsfr. Stadt";"40,0";"40,1";"40,2";"40,3";"40,5";"40,6";"40,8";"40,9";"41,2";"41,4";"41,6";"41,4";"41,7";"41,9";"42,2";"42,2";"42,2";"42,3";"42,5";"42,5";"42,4";"42,3";"42,3"
"07314";"Ludwigshafen am Rhein, Stadt";"krsfr. Stadt";"40,1";"40,3";"40,4";"40,7";"40,9";"41,2";"41,3";"41,4";"41,5";"41,7";"41,8";"42,0";"42,1";"42,2";"42,5";"42,6";"42,3";"42,3";"42,3";"42,3";"42,2";"42,0";"42,0"
"07315";"Mainz, Stadt";"krsfr. Stadt";"39,8";"39,9";"40,0";"40,1";"40,3";"40,4";"40,5";"40,6";"40,8";"41,0";"40,6";"40,6";"40,7";"40,8";"41,0";"41,0";"41,0";"41,0";"41,0";"41,1";"41,0";"40,9";"40,9"
"07316";"Neustadt an der Weinstraße, Stadt";"krsfr. Stadt";"41,6";"41,7";"41,9";"41,9";"42,1";"42,3";"42,6";"42,8";"43,0";"43,3";"43,6";"43,9";"44,1";"44,3";"44,6";"44,9";"45,0";"45,2";"45,4";"45,5";"45,5";"45,6";"45,7"
"07317";"Pirmasens, Stadt";"krsfr. Stadt";"42,2";"42,5";"42,7";"43,0";"43,4";"43,6";"43,8";"43,9";"44,1";"44,4";"44,6";"44,9";"45,0";"45,3";"45,5";"45,7";"46,3";"46,5";"46,6";"46,7";"46,7";"46,4";"46,2"
"07318";"Speyer, Stadt";"krsfr. Stadt";"39,5";"39,7";"39,9";"40,2";"40,3";"40,6";"40,9";"41,1";"41,4";"41,7";"41,9";"42,2";"42,5";"42,8";"43,0";"43,3";"43,7";"43,9";"44,1";"44,4";"44,5";"44,6";"44,6"
"07319";"Worms, Stadt";"krsfr. Stadt";"39,9";"39,9";"40,1";"40,3";"40,5";"40,7";"40,9";"41,0";"41,1";"41,3";"41,5";"41,6";"41,8";"42,0";"42,3";"42,5";"42,8";"43,0";"43,0";"43,0";"43,0";"43,0";"43,0"
"07320";"Zweibrücken, Stadt";"krsfr. Stadt";"40,9";"41,2";"41,3";"41,5";"41,6";"41,7";"41,9";"42,0";"42,3";"42,6";"42,9";"43,2";"43,4";"43,6";"44,0";"44,2";"44,3";"44,5";"44,7";"44,8";"44,8";"44,8";"44,9"
"07331";"Alzey-Worms";"Landkreis";"38,3";"38,5";"38,6";"38,7";"38,9";"39,1";"39,3";"39,6";"39,9";"40,2";"40,6";"41,0";"41,3";"41,7";"42,1";"42,4";"42,6";"42,9";"43,2";"43,4";"43,5";"43,6";"43,7"
"07332";"Bad Dürkheim";"Landkreis";"40,5";"40,6";"40,7";"40,9";"41,1";"41,4";"41,6";"41,8";"42,1";"42,5";"42,9";"43,3";"43,6";"44,0";"44,4";"44,7";"45,1";"45,3";"45,5";"45,8";"45,9";"46,0";"46,2"
"07333";"Donnersbergkreis";"Landkreis";"38,8";"39,0";"39,1";"39,3";"39,6";"39,8";"40,0";"40,3";"40,5";"40,8";"41,2";"41,5";"41,9";"42,2";"42,6";"43,0";"43,3";"43,6";"43,9";"44,2";"44,3";"44,5";"44,8"
"07334";"Germersheim";"Landkreis";"37,4";"37,6";"37,8";"38,0";"38,3";"38,6";"38,9";"39,2";"39,5";"39,8";"40,2";"40,6";"40,9";"41,2";"41,6";"42,0";"42,2";"42,5";"42,8";"42,9";"43,1";"43,2";"43,4"
"07335";"Kaiserslautern";"Landkreis";"39,2";"39,3";"39,5";"39,7";"40,0";"40,3";"40,5";"40,8";"41,0";"41,4";"41,7";"42,1";"42,3";"42,6";"43,0";"43,3";"43,5";"43,8";"44,1";"44,3";"44,3";"44,3";"44,4"
"07336";"Kusel";"Landkreis";"40,2";"40,4";"40,5";"40,8";"41,1";"41,4";"41,7";"41,9";"42,2";"42,6";"42,9";"43,3";"43,7";"44,0";"44,3";"44,6";"45,0";"45,2";"45,5";"45,7";"45,8";"46,0";"46,1"
"07337";"Südliche Weinstraße";"Landkreis";"39,7";"39,9";"40,1";"40,4";"40,6";"40,8";"41,1";"41,5";"41,8";"42,1";"42,5";"42,8";"43,1";"43,5";"43,8";"44,2";"44,3";"44,6";"44,8";"45,0";"45,2";"45,4";"45,5"
"07338";"Rhein-Pfalz-Kreis";"Landkreis";"39,7";"39,9";"40,1";"40,4";"40,6";"40,9";"41,2";"41,5";"41,9";"42,2";"42,6";"42,9";"43,3";"43,6";"43,9";"44,2";"44,4";"44,6";"44,8";"44,9";"45,0";"45,0";"45,0"
"07339";"Mainz-Bingen";"Landkreis";"38,6";"38,8";"39,0";"39,3";"39,5";"39,8";"40,0";"40,2";"40,4";"40,7";"41,0";"41,4";"41,7";"42,0";"42,3";"42,5";"42,9";"43,2";"43,4";"43,6";"43,5";"43,7";"43,9"
"07340";"Südwestpfalz";"Landkreis";"39,9";"40,2";"40,4";"40,6";"40,9";"41,2";"41,6";"41,9";"42,3";"42,7";"43,1";"43,6";"44,0";"44,3";"44,8";"45,2";"45,5";"45,9";"46,2";"46,5";"46,7";"46,9";"47,1"
"08111";"Stuttgart, Stadt";"krsfr. Stadt";"40,7";"40,8";"40,9";"41,0";"41,1";"41,2";"41,3";"41,4";"41,5";"41,7";"41,8";"41,9";"41,9";"42,0";"42,1";"42,1";"41,4";"41,5";"41,5";"41,5";"41,4";"41,3";"41,4"
"08115";"Böblingen";"Landkreis";"38,0";"38,2";"38,4";"38,6";"38,8";"39,0";"39,3";"39,5";"39,8";"40,1";"40,5";"40,8";"41,1";"41,4";"41,7";"42,1";"42,3";"42,5";"42,6";"42,7";"42,7";"42,7";"42,7"
"08116";"Esslingen";"Landkreis";"39,1";"39,3";"39,5";"39,6";"39,8";"40,0";"40,2";"40,4";"40,7";"40,9";"41,2";"41,5";"41,8";"42,0";"42,3";"42,6";"42,6";"42,8";"42,9";"43,1";"43,1";"43,1";"43,2"
"08117";"Göppingen";"Landkreis";"39,1";"39,3";"39,5";"39,7";"39,9";"40,1";"40,3";"40,5";"40,8";"41,1";"41,4";"41,7";"42,0";"42,4";"42,7";"43,0";"43,3";"43,5";"43,7";"43,8";"43,8";"43,9";"43,9"
"08118";"Ludwigsburg";"Landkreis";"38,6";"38,8";"39,0";"39,2";"39,4";"39,6";"39,8";"40,0";"40,2";"40,5";"40,8";"41,1";"41,4";"41,6";"41,9";"42,1";"42,3";"42,4";"42,6";"42,7";"42,7";"42,7";"42,8"
"08119";"Rems-Murr-Kreis";"Landkreis";"38,8";"39,0";"39,2";"39,4";"39,6";"39,8";"40,0";"40,2";"40,5";"40,8";"41,1";"41,5";"41,8";"42,1";"42,4";"42,7";"42,9";"43,2";"43,4";"43,5";"43,6";"43,6";"43,7"
"08121";"Heilbronn, Stadt";"krsfr. Stadt";"40,1";"40,2";"40,4";"40,7";"40,9";"41,1";"41,2";"41,3";"41,4";"41,6";"41,7";"41,9";"42,1";"42,2";"42,3";"42,5";"42,4";"42,4";"42,5";"42,4";"42,2";"42,1";"42,1"
"08125";"Heilbronn";"Landkreis";"37,5";"37,7";"37,8";"38,0";"38,2";"38,5";"38,7";"39,0";"39,3";"39,6";"39,9";"40,3";"40,6";"40,9";"41,3";"41,6";"41,9";"42,2";"42,4";"42,6";"42,6";"42,7";"42,8"
"08126";"Hohenlohekreis";"Landkreis";"37,7";"37,8";"38,1";"38,3";"38,5";"38,7";"38,9";"39,2";"39,5";"39,8";"40,1";"40,4";"40,7";"41,0";"41,4";"41,6";"41,9";"42,1";"42,4";"42,5";"42,6";"42,8";"42,9"
"08127";"Schwäbisch Hall";"Landkreis";"37,7";"37,9";"38,1";"38,3";"38,5";"38,7";"38,9";"39,2";"39,5";"39,7";"40,0";"40,3";"40,6";"40,9";"41,2";"41,5";"41,8";"42,0";"42,3";"42,4";"42,5";"42,6";"42,7"
"08128";"Main-Tauber-Kreis";"Landkreis";"38,9";"39,1";"39,4";"39,6";"39,8";"40,1";"40,4";"40,7";"41,0";"41,3";"41,6";"42,0";"42,4";"42,7";"43,0";"43,4";"43,7";"44,0";"44,3";"44,4";"44,4";"44,5";"44,7"
"08135";"Heidenheim";"Landkreis";"39,1";"39,3";"39,5";"39,7";"40,0";"40,3";"40,5";"40,8";"41,1";"41,4";"41,7";"42,2";"42,5";"42,8";"43,1";"43,4";"43,6";"43,7";"43,9";"44,0";"43,9";"43,9";"44,0"
"08136";"Ostalbkreis";"Landkreis";"38,1";"38,2";"38,5";"38,6";"38,9";"39,1";"39,4";"39,6";"39,8";"40,1";"40,4";"40,8";"41,1";"41,4";"41,7";"42,0";"42,2";"42,5";"42,7";"42,9";"42,9";"43,2";"43,3"
"08211";"Baden-Baden, Stadt";"krsfr. Stadt";"43,9";"44,0";"44,3";"44,6";"44,8";"45,0";"45,1";"45,2";"45,4";"45,6";"45,8";"46,0";"46,2";"46,5";"46,7";"46,9";"46,9";"47,0";"47,0";"47,1";"46,9";"47,0";"46,8"
"08212";"Karlsruhe, Stadt";"krsfr. Stadt";"41,1";"41,2";"41,3";"41,4";"41,5";"41,6";"41,7";"41,8";"41,8";"42,0";"42,1";"42,2";"42,2";"42,3";"42,3";"42,3";"41,9";"41,8";"41,8";"41,9";"41,7";"41,7";"41,7"
"08215";"Karlsruhe";"Landkreis";"38,8";"39,0";"39,2";"39,4";"39,6";"39,9";"40,1";"40,4";"40,7";"41,0";"41,3";"41,7";"42,0";"42,3";"42,6";"42,9";"43,1";"43,3";"43,5";"43,7";"43,8";"43,9";"44,0"
"08216";"Rastatt";"Landkreis";"39,4";"39,6";"39,8";"40,0";"40,2";"40,5";"40,7";"40,9";"41,2";"41,5";"41,7";"42,1";"42,4";"42,7";"43,0";"43,3";"43,5";"43,7";"44,0";"44,1";"44,2";"44,3";"44,4"
"08221";"Heidelberg, Stadt";"krsfr. Stadt";"39,4";"39,5";"39,5";"39,6";"39,7";"39,8";"39,9";"40,0";"40,1";"40,3";"40,5";"40,6";"40,7";"40,8";"40,9";"40,9";"39,8";"39,9";"39,9";"39,9";"39,9";"39,7";"39,8"
"08222";"Mannheim, Stadt";"krsfr. Stadt";"40,5";"40,6";"40,8";"41,0";"41,1";"41,2";"41,3";"41,5";"41,6";"41,8";"42,0";"42,2";"42,3";"42,3";"42,4";"42,5";"42,1";"42,1";"42,1";"42,1";"41,8";"41,9";"41,8"
"08225";"Neckar-Odenwald-Kreis";"Landkreis";"38,5";"38,6";"38,8";"39,1";"39,3";"39,6";"39,8";"40,0";"40,4";"40,7";"41,0";"41,4";"41,8";"42,1";"42,5";"42,9";"43,2";"43,5";"43,8";"44,1";"44,1";"44,3";"44,4"
"08226";"Rhein-Neckar-Kreis";"Landkreis";"39,3";"39,5";"39,7";"39,9";"40,1";"40,4";"40,6";"40,9";"41,2";"41,4";"41,7";"42,0";"42,3";"42,6";"42,8";"43,0";"43,2";"43,4";"43,6";"43,7";"43,7";"43,9";"44,0"
"08231";"Pforzheim, Stadt";"Landkreis";"40,4";"40,5";"40,8";"41,0";"41,2";"41,4";"41,5";"41,6";"41,8";"42,0";"42,1";"42,3";"42,5";"42,6";"42,8";"42,9";"42,9";"42,9";"42,8";"42,8";"42,5";"42,4";"42,4"
"08235";"Calw";"Landkreis";"37,9";"38,2";"38,4";"38,7";"38,9";"39,1";"39,3";"39,5";"39,9";"40,2";"40,6";"41,0";"41,4";"41,8";"42,1";"42,5";"42,7";"43,1";"43,3";"43,5";"43,5";"43,6";"43,7"
"08236";"Enzkreis";"Landkreis";"38,2";"38,5";"38,7";"38,8";"39,0";"39,3";"39,5";"39,8";"40,1";"40,4";"40,8";"41,2";"41,6";"41,9";"42,3";"42,7";"43,0";"43,3";"43,5";"43,7";"43,7";"43,8";"43,9"
"08237";"Freudenstadt";"Landkreis";"38,0";"38,2";"38,4";"38,6";"38,9";"39,1";"39,3";"39,6";"39,8";"40,1";"40,4";"40,7";"41,1";"41,4";"41,8";"42,1";"42,5";"42,8";"43,1";"43,3";"43,4";"43,5";"43,6"
"08311";"Freiburg im Breisgau, Stadt";"krsfr. Stadt";"38,8";"38,9";"39,1";"39,2";"39,4";"39,4";"39,4";"39,5";"39,6";"39,7";"39,9";"40,0";"40,1";"40,4";"40,5";"40,5";"39,8";"39,7";"39,8";"39,9";"39,8";"39,9";"39,9"
"08315";"Breisgau-Hochschwarzwald";"Landkreis";"38,2";"38,5";"38,7";"39,0";"39,2";"39,5";"39,8";"40,0";"40,4";"40,7";"41,0";"41,4";"41,8";"42,1";"42,5";"42,7";"42,9";"43,2";"43,5";"43,7";"43,7";"43,7";"43,9"
"08316";"Emmendingen";"Landkreis";"38,3";"38,5";"38,7";"38,9";"39,2";"39,4";"39,6";"39,9";"40,2";"40,5";"40,8";"41,1";"41,5";"41,8";"42,1";"42,4";"42,7";"43,0";"43,2";"43,4";"43,5";"43,6";"43,7"
"08317";"Ortenaukreis";"Landkreis";"38,5";"38,7";"38,9";"39,1";"39,4";"39,6";"39,8";"40,1";"40,4";"40,7";"41,0";"41,3";"41,6";"41,8";"42,1";"42,4";"42,7";"43,0";"43,2";"43,4";"43,4";"43,5";"43,6"
"08325";"Rottweil";"Landkreis";"38,7";"38,8";"39,0";"39,2";"39,4";"39,6";"39,7";"40,0";"40,2";"40,5";"40,8";"41,1";"41,4";"41,7";"42,1";"42,4";"42,7";"43,0";"43,3";"43,5";"43,5";"43,5";"43,7"
"08326";"Schwarzwald-Baar-Kreis";"Landkreis";"39,5";"39,7";"39,9";"40,1";"40,3";"40,6";"40,8";"41,0";"41,3";"41,6";"41,9";"42,2";"42,5";"42,8";"43,1";"43,4";"43,6";"43,8";"43,9";"44,1";"43,9";"44,1";"44,1"
"08327";"Tuttlingen";"Landkreis";"38,2";"38,4";"38,5";"38,7";"38,9";"39,1";"39,2";"39,4";"39,7";"40,0";"40,2";"40,6";"40,8";"41,1";"41,4";"41,7";"42,0";"42,2";"42,3";"42,4";"42,4";"42,4";"42,4"
"08335";"Konstanz";"Landkreis";"39,7";"39,8";"39,9";"40,1";"40,3";"40,5";"40,6";"40,8";"41,0";"41,3";"41,6";"41,9";"42,2";"42,4";"42,6";"42,8";"42,7";"42,9";"43,0";"43,1";"43,0";"43,1";"43,2"
"08336";"Lörrach";"Landkreis";"38,9";"39,0";"39,2";"39,4";"39,6";"39,9";"40,1";"40,3";"40,6";"40,9";"41,2";"41,5";"41,7";"42,0";"42,3";"42,5";"42,7";"42,9";"43,0";"43,1";"43,1";"43,3";"43,4"
"08337";"Waldshut";"Landkreis";"38,3";"38,5";"38,8";"39,0";"39,3";"39,6";"39,8";"40,0";"40,3";"40,7";"41,0";"41,3";"41,6";"41,9";"42,3";"42,6";"42,7";"43,0";"43,2";"43,3";"43,3";"43,4";"43,5"
"08415";"Reutlingen";"Landkreis";"38,6";"38,7";"38,9";"39,1";"39,3";"39,5";"39,7";"39,9";"40,2";"40,5";"40,8";"41,1";"41,4";"41,7";"42,0";"42,3";"42,6";"42,8";"43,0";"43,2";"43,2";"43,2";"43,3"
"08416";"Tübingen";"Landkreis";"36,4";"36,6";"36,9";"37,2";"37,4";"37,6";"37,9";"38,1";"38,4";"38,7";"39,0";"39,4";"39,7";"39,9";"40,1";"40,4";"40,1";"40,3";"40,5";"40,7";"40,7";"40,7";"40,9"
"08417";"Zollernalbkreis";"Landkreis";"38,7";"39,0";"39,2";"39,5";"39,7";"40,0";"40,3";"40,5";"40,8";"41,2";"41,5";"41,8";"42,2";"42,5";"42,8";"43,2";"43,5";"43,8";"44,1";"44,1";"44,1";"44,4";"44,5"
"08421";"Ulm, Stadt";"krsfr. Stadt";"39,5";"39,6";"39,8";"39,9";"40,1";"40,2";"40,3";"40,4";"40,5";"40,8";"40,9";"41,1";"41,2";"41,3";"41,5";"41,6";"41,3";"41,3";"41,4";"41,5";"41,4";"41,3";"41,2"
"08425";"Alb-Donau-Kreis";"Landkreis";"37,3";"37,5";"37,7";"37,9";"38,1";"38,3";"38,5";"38,8";"39,0";"39,3";"39,7";"40,0";"40,3";"40,6";"40,9";"41,2";"41,5";"41,8";"42,0";"42,2";"42,3";"42,4";"42,5"
"08426";"Biberach";"Landkreis";"37,1";"37,2";"37,4";"37,6";"37,8";"38,0";"38,3";"38,5";"38,8";"39,1";"39,4";"39,7";"40,0";"40,3";"40,6";"40,9";"41,2";"41,5";"41,8";"41,9";"41,9";"42,0";"42,1"
"08435";"Bodenseekreis";"Landkreis";"38,9";"39,1";"39,3";"39,6";"39,8";"40,1";"40,3";"40,6";"40,9";"41,2";"41,5";"41,9";"42,1";"42,3";"42,7";"43,0";"43,2";"43,5";"43,7";"43,9";"44,0";"44,2";"44,3"
"08436";"Ravensburg";"Landkreis";"37,7";"37,8";"38,1";"38,2";"38,5";"38,7";"38,9";"39,2";"39,4";"39,7";"40,0";"40,3";"40,6";"40,9";"41,2";"41,5";"41,7";"41,9";"42,1";"42,3";"42,3";"42,5";"42,6"
"08437";"Sigmaringen";"Landkreis";"37,0";"37,2";"37,4";"37,6";"37,9";"38,2";"38,5";"38,8";"39,1";"39,5";"39,8";"40,2";"40,6";"41,0";"41,3";"41,8";"42,1";"42,4";"42,7";"42,9";"42,7";"43,1";"43,3"
"09161";"Ingolstadt, Stadt";"krsfr. Stadt";"39,5";"39,6";"39,8";"40,0";"40,1";"40,2";"40,3";"40,4";"40,5";"40,7";"40,9";"41,0";"41,2";"41,3";"41,5";"41,7";"41,7";"41,8";"41,9";"41,9";"41,9";"41,8";"41,8"
"09162";"München, Stadt";"krsfr. Stadt";"41,0";"41,2";"41,4";"41,6";"41,6";"41,5";"41,5";"41,5";"41,5";"41,6";"41,6";"41,4";"41,3";"41,3";"41,3";"41,2";"41,5";"41,4";"41,4";"41,4";"41,3";"41,3";"41,3"
"09163";"Rosenheim, Stadt";"krsfr. Stadt";"40,4";"40,5";"40,7";"41,0";"41,0";"41,1";"41,3";"41,4";"41,6";"41,8";"41,9";"42,1";"42,2";"42,4";"42,5";"42,6";"42,4";"42,5";"42,6";"42,6";"42,5";"42,5";"42,5"
"09171";"Altötting";"Landkreis";"39,3";"39,5";"39,7";"39,8";"40,1";"40,3";"40,6";"40,8";"41,0";"41,3";"41,7";"42,0";"42,3";"42,6";"42,9";"43,2";"43,4";"43,7";"43,9";"44,0";"44,0";"44,1";"44,1"
"09172";"Berchtesgadener Land";"Landkreis";"41,1";"41,3";"41,6";"41,8";"41,9";"42,1";"42,3";"42,5";"42,8";"43,0";"43,2";"43,5";"43,7";"43,9";"44,1";"44,3";"44,2";"44,3";"44,5";"44,6";"44,6";"44,8";"44,9"
"09173";"Bad Tölz-Wolfratshausen";"Landkreis";"39,5";"39,7";"39,8";"40,0";"40,1";"40,3";"40,4";"40,6";"40,9";"41,2";"41,4";"41,8";"42,0";"42,3";"42,6";"42,9";"43,0";"43,3";"43,4";"43,6";"43,6";"43,6";"43,7"
"09174";"Dachau";"Landkreis";"38,4";"38,5";"38,7";"38,8";"39,0";"39,2";"39,3";"39,5";"39,7";"40,0";"40,2";"40,5";"40,7";"40,9";"41,2";"41,4";"41,5";"41,7";"41,8";"41,9";"41,9";"42,1";"42,2"
"09175";"Ebersberg";"Landkreis";"38,5";"38,7";"38,8";"38,9";"39,1";"39,2";"39,3";"39,5";"39,9";"40,2";"40,4";"40,7";"40,9";"41,2";"41,4";"41,6";"41,6";"41,8";"41,9";"42,0";"42,0";"42,1";"42,2"
"09176";"Eichstätt";"Landkreis";"36,6";"36,9";"37,1";"37,3";"37,5";"37,7";"37,9";"38,2";"38,5";"38,8";"39,1";"39,4";"39,6";"39,9";"40,3";"40,6";"40,8";"41,0";"41,2";"41,3";"41,4";"41,4";"41,5"
"09177";"Erding";"Landkreis";"37,1";"37,1";"37,2";"37,4";"37,5";"37,6";"37,7";"38,0";"38,2";"38,5";"38,8";"39,1";"39,3";"39,7";"40,0";"40,3";"40,5";"40,7";"40,9";"41,2";"41,4";"41,5";"41,6"
"09178";"Freising";"Landkreis";"36,6";"36,7";"36,8";"36,9";"37,1";"37,4";"37,5";"37,7";"38,0";"38,3";"38,6";"38,8";"39,0";"39,3";"39,6";"39,9";"40,0";"40,2";"40,3";"40,5";"40,5";"40,6";"40,7"
"09179";"Fürstenfeldbruck";"Landkreis";"39,4";"39,6";"39,9";"40,1";"40,3";"40,4";"40,6";"40,8";"41,1";"41,4";"41,7";"42,0";"42,3";"42,5";"42,7";"42,9";"43,1";"43,2";"43,3";"43,4";"43,5";"43,4";"43,6"
"09180";"Garmisch-Partenkirchen";"Landkreis";"41,4";"41,4";"41,6";"41,7";"41,9";"42,1";"42,2";"42,4";"42,7";"43,1";"43,4";"43,7";"44,0";"44,2";"44,5";"44,8";"45,1";"45,3";"45,5";"45,7";"45,6";"45,7";"45,8"
"09181";"Landsberg am Lech";"Landkreis";"37,8";"38,0";"38,1";"38,3";"38,5";"38,7";"38,9";"39,1";"39,4";"39,7";"40,0";"40,4";"40,7";"41,0";"41,3";"41,6";"41,7";"42,0";"42,4";"42,6";"42,7";"42,9";"43,1"
"09182";"Miesbach";"Landkreis";"40,4";"40,5";"40,6";"40,8";"41,0";"41,2";"41,3";"41,4";"41,7";"41,9";"42,2";"42,6";"42,9";"43,1";"43,5";"43,7";"43,8";"44,0";"44,1";"44,2";"44,3";"44,4";"44,6"
"09183";"Mühldorf a.Inn";"Landkreis";"39,0";"39,1";"39,3";"39,5";"39,7";"39,9";"40,1";"40,2";"40,5";"40,8";"41,0";"41,4";"41,7";"42,0";"42,3";"42,5";"42,6";"42,8";"42,9";"43,0";"43,0";"43,0";"43,1"
"09184";"München";"Landkreis";"39,9";"40,2";"40,4";"40,6";"40,7";"40,8";"40,9";"41,1";"41,3";"41,5";"41,7";"41,9";"42,0";"42,1";"42,3";"42,4";"42,4";"42,5";"42,6";"42,7";"42,6";"42,7";"42,8"
"09185";"Neuburg-Schrobenhausen";"Landkreis";"37,7";"37,9";"38,1";"38,3";"38,5";"38,8";"38,9";"39,1";"39,4";"39,7";"40,1";"40,5";"40,7";"40,9";"41,2";"41,4";"41,7";"41,9";"42,1";"42,3";"42,3";"42,4";"42,6"
"09186";"Pfaffenhofen a.d.Ilm";"Landkreis";"37,3";"37,5";"37,7";"37,9";"38,1";"38,3";"38,5";"38,8";"39,1";"39,3";"39,6";"40,0";"40,3";"40,7";"41,0";"41,3";"41,5";"41,7";"41,9";"42,0";"42,0";"42,2";"42,3"
"09187";"Rosenheim";"Landkreis";"38,6";"38,8";"39,0";"39,2";"39,4";"39,6";"39,7";"40,0";"40,3";"40,6";"40,9";"41,3";"41,6";"41,9";"42,2";"42,5";"42,6";"42,8";"43,0";"43,3";"43,3";"43,5";"43,7"
"09188";"Starnberg";"Landkreis";"41,0";"41,2";"41,3";"41,4";"41,5";"41,6";"41,7";"41,9";"42,1";"42,4";"42,5";"42,9";"43,1";"43,3";"43,5";"43,8";"43,8";"43,9";"44,0";"44,2";"44,2";"44,3";"44,4"
"09189";"Traunstein";"Landkreis";"39,7";"39,9";"40,2";"40,4";"40,6";"40,9";"41,1";"41,3";"41,6";"41,9";"42,1";"42,5";"42,8";"43,0";"43,3";"43,6";"43,7";"43,9";"44,2";"44,3";"44,3";"44,4";"44,5"
"09190";"Weilheim-Schongau";"Landkreis";"39,0";"39,2";"39,3";"39,4";"39,6";"39,8";"39,9";"40,1";"40,4";"40,7";"41,0";"41,4";"41,7";"42,0";"42,3";"42,6";"42,8";"43,1";"43,4";"43,6";"43,6";"43,7";"43,9"
"09261";"Landshut, Stadt";"krsfr. Stadt";"42,2";"42,3";"42,5";"42,7";"42,9";"42,9";"42,9";"43,1";"43,3";"43,4";"43,4";"43,4";"43,5";"43,7";"43,7";"43,7";"43,6";"43,7";"43,6";"43,6";"43,4";"43,3";"43,2"
"09262";"Passau, Stadt";"krsfr. Stadt";"40,9";"41,2";"41,5";"41,9";"42,0";"42,1";"42,3";"42,6";"42,8";"43,1";"43,2";"43,5";"43,6";"43,8";"44,0";"44,1";"43,6";"43,6";"43,5";"43,4";"43,3";"43,3";"43,1"
"09263";"Straubing, Stadt";"krsfr. Stadt";"40,8";"41,0";"41,2";"41,5";"41,9";"42,2";"42,3";"42,6";"42,8";"43,0";"43,3";"43,6";"43,8";"44,0";"44,1";"44,3";"44,2";"44,2";"44,2";"44,3";"44,2";"44,2";"44,2"
"09271";"Deggendorf";"Landkreis";"38,4";"38,6";"38,8";"39,0";"39,3";"39,5";"39,8";"40,0";"40,4";"40,6";"41,0";"41,3";"41,6";"41,9";"42,2";"42,5";"42,7";"42,9";"43,1";"43,4";"43,4";"43,6";"43,6"
"09272";"Freyung-Grafenau";"Landkreis";"37,7";"38,0";"38,3";"38,6";"38,9";"39,3";"39,6";"39,9";"40,3";"40,7";"41,0";"41,4";"41,9";"42,3";"42,6";"43,0";"43,3";"43,7";"44,1";"44,3";"44,5";"44,6";"44,9"
"09273";"Kelheim";"Landkreis";"37,7";"37,8";"38,0";"38,2";"38,4";"38,6";"38,8";"39,0";"39,2";"39,6";"39,9";"40,2";"40,5";"40,8";"41,1";"41,4";"41,6";"41,8";"42,0";"42,2";"42,2";"42,2";"42,3"
"09274";"Landshut";"Landkreis";"37,2";"37,3";"37,5";"37,7";"37,9";"38,1";"38,4";"38,6";"38,9";"39,2";"39,6";"40,0";"40,3";"40,6";"41,0";"41,3";"41,6";"41,9";"42,1";"42,3";"42,3";"42,5";"42,6"
"09275";"Passau";"Landkreis";"38,0";"38,3";"38,6";"38,9";"39,2";"39,5";"39,8";"40,1";"40,5";"40,8";"41,2";"41,6";"42,0";"42,3";"42,7";"43,0";"43,3";"43,6";"43,9";"44,1";"44,3";"44,5";"44,6"
"09276";"Regen";"Landkreis";"38,5";"38,8";"39,0";"39,3";"39,6";"39,9";"40,2";"40,5";"40,8";"41,3";"41,6";"42,1";"42,5";"42,8";"43,1";"43,4";"43,8";"44,1";"44,4";"44,7";"44,7";"44,8";"44,9"
"09277";"Rottal-Inn";"Landkreis";"39,0";"39,1";"39,3";"39,6";"39,7";"40,0";"40,2";"40,4";"40,7";"41,0";"41,4";"41,7";"42,0";"42,3";"42,6";"42,9";"43,2";"43,3";"43,5";"43,7";"43,8";"44,0";"44,1"
"09278";"Straubing-Bogen";"Landkreis";"37,8";"38,0";"38,2";"38,3";"38,5";"38,8";"39,0";"39,2";"39,4";"39,7";"40,1";"40,4";"40,8";"41,1";"41,5";"41,8";"42,1";"42,3";"42,6";"42,8";"43,0";"43,2";"43,3"
"09279";"Dingolfing-Landau";"Landkreis";"38,1";"38,2";"38,4";"38,5";"38,7";"39,0";"39,2";"39,4";"39,7";"40,0";"40,3";"40,8";"41,1";"41,4";"41,8";"42,0";"42,2";"42,4";"42,5";"42,7";"42,8";"42,9";"43,0"
"09361";"Amberg, Stadt";"krsfr. Stadt";"41,1";"41,4";"41,6";"41,8";"41,9";"42,0";"42,1";"42,3";"42,5";"42,8";"43,0";"43,3";"43,6";"43,7";"43,9";"44,0";"44,4";"44,7";"44,9";"45,1";"45,0";"44,9";"45,1"
"09362";"Regensburg, Stadt";"krsfr. Stadt";"41,2";"41,4";"41,5";"41,5";"41,6";"41,7";"41,6";"41,7";"41,8";"41,9";"41,9";"41,9";"41,9";"41,9";"42,0";"41,9";"41,4";"41,3";"41,4";"41,3";"41,1";"41,0";"40,9"
"09363";"Weiden i.d.OPf., Stadt";"krsfr. Stadt";"40,9";"41,0";"41,2";"41,3";"41,6";"41,7";"41,8";"42,0";"42,2";"42,5";"42,8";"43,1";"43,3";"43,5";"43,8";"43,9";"44,4";"44,6";"44,8";"44,9";"44,9";"44,8";"44,9"
"09371";"Amberg-Sulzbach";"Landkreis";"38,0";"38,2";"38,4";"38,6";"38,8";"39,1";"39,4";"39,7";"40,0";"40,4";"40,8";"41,2";"41,6";"42,0";"42,3";"42,7";"43,1";"43,4";"43,7";"44,0";"44,1";"44,4";"44,6"
"09372";"Cham";"Landkreis";"38,3";"38,5";"38,7";"39,0";"39,3";"39,6";"39,9";"40,2";"40,5";"40,8";"41,1";"41,5";"41,9";"42,2";"42,5";"42,8";"43,1";"43,3";"43,6";"43,8";"44,0";"44,1";"44,3"
"09373";"Neumarkt i.d.OPf.";"Landkreis";"36,9";"37,1";"37,4";"37,6";"37,8";"38,1";"38,4";"38,7";"39,0";"39,4";"39,8";"40,1";"40,5";"40,9";"41,2";"41,5";"41,8";"42,1";"42,4";"42,6";"42,6";"42,8";"43,0"
"09374";"Neustadt a.d.Waldnaab";"Landkreis";"37,8";"38,1";"38,3";"38,4";"38,7";"39,0";"39,2";"39,5";"39,9";"40,2";"40,6";"40,9";"41,3";"41,6";"42,0";"42,4";"42,7";"43,0";"43,3";"43,7";"43,8";"44,2";"44,4"
"09375";"Regensburg";"Landkreis";"37,3";"37,5";"37,7";"37,9";"38,1";"38,4";"38,7";"39,0";"39,3";"39,6";"39,9";"40,3";"40,7";"41,0";"41,4";"41,7";"42,0";"42,3";"42,5";"42,7";"42,8";"43,0";"43,1"
"09376";"Schwandorf";"Landkreis";"38,6";"38,8";"39,0";"39,3";"39,5";"39,8";"40,0";"40,2";"40,5";"40,8";"41,1";"41,5";"41,8";"42,1";"42,4";"42,7";"43,0";"43,2";"43,5";"43,7";"43,7";"43,9";"44,0"
"09377";"Tirschenreuth";"Landkreis";"39,0";"39,2";"39,4";"39,6";"40,0";"40,3";"40,5";"40,8";"41,2";"41,6";"42,0";"42,4";"42,7";"43,0";"43,4";"43,7";"44,0";"44,4";"44,6";"44,9";"45,0";"45,1";"45,3"
"09461";"Bamberg, Stadt";"krsfr. Stadt";"41,9";"41,9";"42,1";"42,2";"42,4";"42,5";"42,5";"42,6";"42,6";"42,7";"42,9";"43,1";"43,1";"43,2";"43,3";"43,4";"42,8";"42,9";"42,9";"42,9";"42,7";"42,2";"42,0"
"09462";"Bayreuth, Stadt";"krsfr. Stadt";"40,9";"40,9";"41,0";"41,1";"41,2";"41,3";"41,4";"41,6";"41,7";"41,9";"42,1";"42,3";"42,5";"42,6";"42,8";"42,9";"43,1";"43,1";"43,2";"43,4";"43,4";"43,3";"43,1"
"09463";"Coburg, Stadt";"krsfr. Stadt";"42,0";"42,2";"42,3";"42,5";"42,6";"43,0";"43,1";"43,3";"43,6";"43,9";"44,1";"44,4";"44,6";"44,5";"44,6";"44,7";"44,7";"44,7";"44,9";"45,0";"45,0";"45,2";"45,1"
"09464";"Hof, Stadt";"krsfr. Stadt";"41,9";"42,1";"42,3";"42,5";"42,8";"43,0";"43,2";"43,4";"43,7";"44,0";"44,2";"44,5";"44,6";"44,9";"45,0";"45,2";"45,5";"45,5";"45,5";"45,7";"45,6";"45,4";"44,9"
"09471";"Bamberg";"Landkreis";"36,5";"36,7";"37,0";"37,3";"37,5";"37,9";"38,2";"38,5";"38,8";"39,2";"39,6";"39,9";"40,3";"40,7";"41,0";"41,4";"41,8";"42,1";"42,4";"42,7";"42,8";"43,1";"43,2"
"09472";"Bayreuth";"Landkreis";"38,8";"39,0";"39,2";"39,5";"39,8";"40,1";"40,4";"40,7";"41,0";"41,3";"41,6";"42,0";"42,3";"42,7";"43,0";"43,2";"43,6";"43,9";"44,2";"44,5";"44,7";"45,0";"45,2"
"09473";"Coburg";"Landkreis";"39,2";"39,4";"39,6";"39,8";"40,2";"40,4";"40,8";"41,1";"41,4";"41,8";"42,1";"42,5";"42,9";"43,2";"43,6";"44,0";"44,4";"44,7";"45,0";"45,2";"45,4";"45,5";"45,5"
"09474";"Forchheim";"Landkreis";"37,5";"37,8";"37,9";"38,2";"38,4";"38,7";"39,1";"39,3";"39,7";"40,0";"40,4";"40,8";"41,1";"41,4";"41,8";"42,2";"42,6";"42,8";"43,1";"43,3";"43,5";"43,7";"43,8"
"09475";"Hof";"Landkreis";"41,4";"41,5";"41,6";"41,9";"42,2";"42,4";"42,7";"42,9";"43,2";"43,6";"43,9";"44,3";"44,6";"44,9";"45,3";"45,6";"46,0";"46,3";"46,5";"46,7";"46,9";"47,1";"47,1"
"09476";"Kronach";"Landkreis";"40,2";"40,5";"40,7";"40,9";"41,2";"41,5";"41,7";"42,0";"42,3";"42,6";"43,0";"43,4";"43,8";"44,1";"44,5";"44,8";"45,1";"45,5";"45,9";"46,2";"46,4";"46,6";"46,7"
"09477";"Kulmbach";"Landkreis";"40,3";"40,5";"40,7";"40,9";"41,1";"41,4";"41,6";"41,9";"42,3";"42,6";"42,9";"43,3";"43,6";"43,9";"44,2";"44,4";"44,9";"45,2";"45,5";"45,8";"46,0";"46,3";"46,3"
"09478";"Lichtenfels";"Landkreis";"39,1";"39,3";"39,5";"39,7";"40,0";"40,3";"40,5";"40,9";"41,2";"41,6";"42,0";"42,4";"42,8";"43,1";"43,4";"43,7";"44,1";"44,3";"44,6";"44,9";"45,0";"45,2";"45,2"
"09479";"Wunsiedel i.Fichtelgebirge";"Landkreis";"42,2";"42,4";"42,6";"42,8";"43,0";"43,3";"43,5";"43,8";"44,1";"44,5";"44,8";"45,1";"45,5";"45,8";"46,1";"46,3";"46,7";"46,9";"47,2";"47,4";"47,5";"47,4";"47,2"
"09561";"Ansbach, Stadt";"krsfr. Stadt";"41,0";"41,2";"41,3";"41,4";"41,5";"41,7";"41,9";"42,1";"42,2";"42,5";"42,7";"42,9";"43,2";"43,3";"43,6";"43,8";"43,8";"43,9";"44,0";"44,0";"43,8";"43,7";"43,7"
"09562";"Erlangen, Stadt";"krsfr. Stadt";"39,4";"39,7";"40,0";"40,1";"40,4";"40,6";"40,7";"40,8";"40,9";"41,2";"41,2";"41,4";"41,5";"41,5";"41,6";"41,7";"41,2";"41,2";"41,4";"41,4";"41,1";"41,0";"41,0"
"09563";"Fürth, Stadt";"krsfr. Stadt";"40,1";"40,2";"40,2";"40,4";"40,5";"40,5";"40,6";"40,7";"41,0";"41,2";"41,3";"41,5";"41,7";"42,0";"42,2";"42,3";"42,3";"42,3";"42,4";"42,4";"42,4";"42,4";"42,4"
"09564";"Nürnberg, Stadt";"krsfr. Stadt";"41,6";"41,7";"41,8";"42,1";"42,2";"42,3";"42,4";"42,5";"42,6";"42,7";"42,8";"42,9";"42,9";"43,0";"43,1";"43,2";"43,1";"43,0";"43,0";"43,0";"42,8";"42,8";"42,7"
"09565";"Schwabach, Stadt";"krsfr. Stadt";"40,2";"40,3";"40,5";"40,7";"40,9";"41,0";"41,0";"41,3";"41,6";"41,9";"42,1";"42,4";"42,7";"42,9";"43,2";"43,3";"43,6";"43,7";"43,8";"43,9";"43,9";"44,0";"44,1"
"09571";"Ansbach";"Landkreis";"37,7";"37,9";"38,1";"38,3";"38,5";"38,8";"39,1";"39,4";"39,7";"40,0";"40,4";"40,7";"41,1";"41,4";"41,8";"42,0";"42,4";"42,6";"42,9";"43,1";"43,2";"43,3";"43,4"
"09572";"Erlangen-Höchstadt";"Landkreis";"37,1";"37,4";"37,7";"38,0";"38,3";"38,6";"38,9";"39,3";"39,7";"40,1";"40,5";"40,9";"41,2";"41,6";"41,9";"42,2";"42,5";"42,8";"43,0";"43,3";"43,3";"43,5";"43,6"
"09573";"Fürth";"Landkreis";"39,3";"39,4";"39,6";"39,8";"40,2";"40,6";"40,8";"41,2";"41,4";"41,9";"42,3";"42,6";"42,9";"43,2";"43,5";"43,8";"44,0";"44,2";"44,4";"44,8";"45,0";"44,9";"45,1"
"09574";"Nürnberger Land";"Landkreis";"39,6";"39,9";"40,1";"40,4";"40,6";"40,9";"41,1";"41,4";"41,7";"42,0";"42,3";"42,7";"43,0";"43,3";"43,6";"43,9";"44,1";"44,3";"44,5";"44,7";"44,7";"44,7";"44,8"
"09575";"Neustadt a.d.Aisch-Bad Windsheim";"Landkreis";"38,8";"38,9";"39,0";"39,1";"39,3";"39,5";"39,7";"40,0";"40,2";"40,6";"40,9";"41,3";"41,6";"41,9";"42,3";"42,6";"42,9";"43,2";"43,5";"43,7";"43,8";"43,8";"44,0"
"09576";"Roth";"Landkreis";"38,1";"38,3";"38,5";"38,6";"38,8";"39,1";"39,4";"39,7";"40,0";"40,5";"40,8";"41,2";"41,5";"41,9";"42,2";"42,5";"42,8";"43,1";"43,4";"43,6";"43,7";"43,9";"44,0"
"09577";"Weißenburg-Gunzenhausen";"Landkreis";"39,0";"39,1";"39,3";"39,6";"39,8";"40,0";"40,2";"40,4";"40,7";"41,0";"41,3";"41,7";"42,0";"42,4";"42,7";"43,0";"43,4";"43,6";"43,9";"44,1";"44,2";"44,3";"44,3"
"09661";"Aschaffenburg, Stadt";"krsfr. Stadt";"40,2";"40,5";"40,5";"40,6";"40,9";"41,0";"41,1";"41,2";"41,5";"41,8";"42,0";"42,2";"42,4";"42,6";"42,8";"43,0";"43,1";"43,3";"43,5";"43,6";"43,6";"43,6";"43,6"
"09662";"Schweinfurt, Stadt";"krsfr. Stadt";"42,1";"42,1";"42,3";"42,6";"42,9";"43,1";"43,2";"43,3";"43,6";"43,7";"43,9";"44,1";"44,2";"44,4";"44,6";"44,7";"44,7";"44,8";"45,0";"45,2";"45,0";"44,8";"44,5"
"09663";"Würzburg, Stadt";"krsfr. Stadt";"40,8";"41,0";"41,2";"41,4";"41,3";"41,3";"41,3";"41,3";"41,2";"41,3";"41,4";"41,5";"41,6";"41,9";"42,0";"42,1";"42,1";"42,2";"42,3";"42,4";"42,4";"42,3";"42,2"
"09671";"Aschaffenburg";"Landkreis";"38,0";"38,2";"38,4";"38,7";"39,0";"39,3";"39,6";"39,9";"40,3";"40,7";"41,1";"41,5";"41,8";"42,1";"42,5";"42,9";"43,3";"43,5";"43,8";"44,1";"44,2";"44,4";"44,5"
"09672";"Bad Kissingen";"Landkreis";"39,5";"39,7";"39,9";"40,2";"40,6";"40,9";"41,2";"41,5";"41,8";"42,2";"42,5";"42,9";"43,3";"43,7";"44,1";"44,4";"44,7";"45,1";"45,4";"45,6";"45,7";"45,9";"46,1"
"09673";"Rhön-Grabfeld";"Landkreis";"37,9";"38,1";"38,4";"38,6";"39,0";"39,3";"39,7";"39,9";"40,2";"40,6";"41,0";"41,5";"41,9";"42,3";"42,7";"43,1";"43,4";"43,7";"44,0";"44,3";"44,4";"44,6";"44,7"
"09674";"Haßberge";"Landkreis";"37,9";"38,1";"38,4";"38,6";"38,8";"39,0";"39,4";"39,7";"40,0";"40,4";"40,7";"41,1";"41,5";"41,8";"42,2";"42,5";"42,8";"43,1";"43,4";"43,6";"43,7";"44,0";"44,2"
"09675";"Kitzingen";"Landkreis";"38,1";"38,3";"38,5";"38,8";"39,1";"39,4";"39,6";"39,9";"40,1";"40,5";"40,8";"41,2";"41,5";"41,9";"42,2";"42,5";"42,9";"43,2";"43,4";"43,7";"43,7";"43,8";"43,9"
"09676";"Miltenberg";"Landkreis";"37,6";"37,8";"38,0";"38,3";"38,6";"38,8";"39,2";"39,5";"39,8";"40,2";"40,6";"41,0";"41,4";"41,7";"42,1";"42,4";"42,8";"43,1";"43,4";"43,7";"43,8";"44,1";"44,3"
"09677";"Main-Spessart";"Landkreis";"38,6";"38,8";"39,1";"39,3";"39,6";"39,9";"40,2";"40,5";"40,8";"41,2";"41,6";"42,0";"42,4";"42,7";"43,1";"43,5";"43,9";"44,2";"44,6";"44,9";"45,1";"45,2";"45,4"
"09678";"Schweinfurt";"Landkreis";"38,2";"38,4";"38,6";"38,8";"39,1";"39,4";"39,7";"40,0";"40,4";"40,8";"41,2";"41,7";"42,1";"42,4";"42,8";"43,2";"43,4";"43,7";"44,0";"44,1";"44,2";"44,4";"44,5"
"09679";"Würzburg";"Landkreis";"37,9";"38,1";"38,3";"38,6";"38,9";"39,2";"39,5";"39,8";"40,2";"40,5";"40,8";"41,2";"41,5";"41,9";"42,2";"42,5";"42,8";"43,2";"43,4";"43,7";"43,8";"44,0";"44,1"
"09761";"Augsburg, Stadt";"krsfr. Stadt";"41,2";"41,3";"41,5";"41,7";"41,8";"41,9";"41,9";"42,0";"42,2";"42,2";"42,2";"42,3";"42,4";"42,5";"42,6";"42,7";"42,6";"42,6";"42,5";"42,5";"42,4";"42,3";"42,3"
"09762";"Kaufbeuren, Stadt";"krsfr. Stadt";"41,3";"41,5";"41,9";"42,1";"42,3";"42,4";"42,4";"42,5";"42,7";"42,8";"43,1";"43,4";"43,4";"43,6";"43,7";"43,9";"44,2";"44,4";"44,5";"44,5";"44,4";"44,5";"44,5"
"09763";"Kempten (Allgäu), Stadt";"krsfr. Stadt";"41,5";"41,7";"41,8";"42,0";"42,1";"42,3";"42,5";"42,6";"42,8";"42,8";"43,0";"43,2";"43,3";"43,3";"43,5";"43,5";"43,6";"43,8";"43,8";"43,8";"43,6";"43,7";"43,6"
"09764";"Memmingen, Stadt";"krsfr. Stadt";"40,4";"40,6";"40,8";"41,0";"41,1";"41,4";"41,5";"41,7";"41,9";"42,1";"42,4";"42,5";"42,7";"42,8";"42,9";"43,2";"43,4";"43,5";"43,7";"43,7";"43,6";"43,7";"43,8"
"09771";"Aichach-Friedberg";"Landkreis";"37,2";"37,4";"37,7";"37,9";"38,2";"38,3";"38,6";"38,9";"39,2";"39,6";"39,9";"40,3";"40,6";"41,0";"41,3";"41,7";"41,9";"42,2";"42,4";"42,7";"42,7";"42,9";"43,0"
"09772";"Augsburg";"Landkreis";"37,7";"37,9";"38,1";"38,3";"38,6";"38,9";"39,2";"39,5";"39,8";"40,1";"40,5";"40,9";"41,3";"41,6";"41,9";"42,3";"42,5";"42,8";"43,0";"43,2";"43,2";"43,4";"43,4"
"09773";"Dillingen a.d.Donau";"Landkreis";"37,5";"37,6";"37,8";"38,0";"38,2";"38,5";"38,7";"38,9";"39,2";"39,5";"39,8";"40,1";"40,5";"40,8";"41,2";"41,5";"42,0";"42,3";"42,7";"42,9";"43,0";"43,2";"43,4"
"09774";"Günzburg";"Landkreis";"37,8";"37,9";"38,1";"38,3";"38,5";"38,7";"38,9";"39,2";"39,4";"39,8";"40,0";"40,4";"40,7";"41,1";"41,4";"41,6";"41,9";"42,2";"42,4";"42,6";"42,7";"42,9";"43,0"
"09775";"Neu-Ulm";"Landkreis";"38,3";"38,5";"38,8";"39,0";"39,2";"39,5";"39,7";"40,0";"40,2";"40,5";"40,8";"41,1";"41,4";"41,6";"41,8";"42,1";"42,3";"42,5";"42,7";"42,8";"42,8";"43,0";"43,1"
"09776";"Lindau (Bodensee)";"Landkreis";"40,3";"40,4";"40,5";"40,6";"40,8";"41,0";"41,1";"41,3";"41,5";"41,8";"42,0";"42,3";"42,6";"42,9";"43,2";"43,4";"43,6";"43,8";"44,1";"44,3";"44,2";"44,4";"44,6"
"09777";"Ostallgäu";"Landkreis";"38,5";"38,7";"38,8";"39,0";"39,2";"39,4";"39,6";"39,9";"40,1";"40,4";"40,7";"41,0";"41,4";"41,7";"42,0";"42,3";"42,6";"42,8";"43,0";"43,2";"43,2";"43,4";"43,5"
"09778";"Unterallgäu";"Landkreis";"38,4";"38,5";"38,7";"38,9";"39,0";"39,2";"39,5";"39,7";"40,0";"40,3";"40,7";"41,0";"41,3";"41,6";"42,0";"42,3";"42,6";"42,8";"43,1";"43,3";"43,3";"43,5";"43,6"
"09779";"Donau-Ries";"Landkreis";"38,1";"38,3";"38,5";"38,7";"38,9";"39,1";"39,3";"39,5";"39,7";"40,0";"40,3";"40,7";"41,0";"41,3";"41,6";"41,9";"42,1";"42,3";"42,5";"42,7";"42,9";"43,0";"43,1"
"09780";"Oberallgäu";"Landkreis";"38,8";"39,1";"39,3";"39,5";"39,7";"39,9";"40,1";"40,4";"40,7";"41,1";"41,5";"41,9";"42,2";"42,5";"42,9";"43,2";"43,6";"43,8";"44,1";"44,3";"44,4";"44,6";"44,7"
"10041";"Regionalverband Saarbrücken";"Landkreis";"41,2";"41,4";"41,6";"41,9";"42,1";"42,3";"42,5";"42,8";"43,0";"43,2";"43,4";"43,7";"43,9";"44,0";"44,3";"44,4";"44,6";"44,8";"45,0";"45,1";"45,0";"44,9";"44,9"
"10042";"Merzig-Wadern";"Landkreis";"39,6";"39,8";"40,1";"40,4";"40,7";"41,0";"41,3";"41,5";"41,8";"42,1";"42,4";"42,7";"43,0";"43,3";"43,7";"44,0";"44,2";"44,5";"44,8";"45,2";"45,1";"45,3";"45,5"
"10043";"Neunkirchen";"Landkreis";"40,8";"41,1";"41,3";"41,6";"41,8";"42,1";"42,4";"42,7";"43,0";"43,3";"43,6";"44,0";"44,3";"44,6";"44,9";"45,2";"45,7";"45,9";"46,2";"46,4";"46,4";"46,3";"46,4"
"10044";"Saarlouis";"Landkreis";"40,0";"40,3";"40,5";"40,9";"41,2";"41,5";"41,8";"42,0";"42,3";"42,6";"43,0";"43,3";"43,7";"44,0";"44,4";"44,7";"45,1";"45,4";"45,6";"45,8";"45,8";"45,9";"46,0"
"10045";"Saarpfalz-Kreis";"Landkreis";"40,7";"41,0";"41,2";"41,5";"41,7";"42,0";"42,3";"42,6";"42,9";"43,3";"43,6";"44,0";"44,3";"44,6";"44,9";"45,2";"45,6";"45,9";"46,2";"46,4";"46,3";"46,5";"46,6"
"10046";"St. Wendel";"Landkreis";"39,8";"40,1";"40,4";"40,7";"41,0";"41,3";"41,6";"41,9";"42,2";"42,6";"42,9";"43,4";"43,7";"44,1";"44,5";"44,8";"45,3";"45,7";"46,1";"46,4";"46,4";"46,6";"46,8"
"11000";"Berlin, Stadt";"krsfr. Stadt";"39,4";"39,6";"39,9";"40,1";"40,3";"40,6";"40,8";"41,0";"41,3";"41,5";"41,8";"42,0";"42,1";"42,2";"42,4";"42,4";"42,4";"42,4";"42,4";"42,4";"42,3";"42,2";"42,2"
"12051";"Brandenburg an der Havel, Stadt";"krsfr. Stadt";"40,0";"40,5";"41,1";"41,7";"42,2";"42,8";"43,3";"43,8";"44,2";"44,7";"45,1";"45,5";"45,9";"46,3";"46,5";"46,8";"46,9";"47,2";"47,4";"47,6";"47,6";"47,7";"47,7"
"12052";"Cottbus, Stadt";"krsfr. Stadt";"37,5";"38,1";"38,7";"39,3";"40,0";"40,6";"41,1";"41,7";"42,3";"42,8";"43,3";"43,8";"44,2";"44,6";"44,9";"45,1";"45,3";"45,5";"45,7";"46,0";"46,2";"46,1";"46,1"
"12053";"Frankfurt (Oder), Stadt";"krsfr. Stadt";"37,0";"37,5";"38,0";"38,7";"39,3";"40,0";"40,6";"41,3";"41,9";"42,7";"43,4";"43,9";"44,3";"44,7";"45,1";"45,5";"45,7";"46,0";"46,4";"46,7";"46,7";"46,7";"46,8"
"12054";"Potsdam, Stadt";"krsfr. Stadt";"38,7";"39,3";"39,8";"40,2";"40,5";"40,8";"40,7";"41,0";"41,2";"41,4";"41,6";"41,8";"41,9";"42,0";"42,2";"42,3";"42,0";"42,2";"42,3";"42,4";"42,4";"42,3";"42,2"
"12060";"Barnim";"Landkreis";"38,7";"39,1";"39,4";"39,8";"40,1";"40,5";"40,8";"41,3";"41,7";"42,1";"42,6";"43,1";"43,5";"43,9";"44,6";"45,0";"45,4";"45,7";"45,9";"46,1";"46,2";"46,3";"46,3"
"12061";"Dahme-Spreewald";"Landkreis";"39,6";"39,9";"40,2";"40,5";"40,9";"41,4";"41,8";"42,2";"42,7";"43,1";"43,6";"44,0";"44,4";"44,8";"45,1";"45,4";"45,7";"46,0";"46,2";"46,4";"46,4";"46,4";"46,5"
"12062";"Elbe-Elster";"Landkreis";"39,6";"40,0";"40,3";"40,7";"41,2";"41,7";"42,3";"42,8";"43,3";"43,8";"44,4";"45,0";"45,5";"46,0";"46,5";"46,9";"47,4";"47,8";"48,2";"48,6";"48,8";"48,8";"49,0"
"12063";"Havelland";"Landkreis";"39,2";"39,4";"39,6";"39,7";"40,0";"40,2";"40,5";"40,9";"41,4";"41,8";"42,2";"42,6";"43,0";"43,4";"43,8";"44,2";"44,6";"44,9";"45,1";"45,3";"45,3";"45,4";"45,6"
"12064";"Märkisch-Oderland";"Landkreis";"38,6";"39,0";"39,3";"39,6";"40,0";"40,5";"41,2";"41,6";"42,1";"42,6";"43,1";"43,6";"44,1";"44,6";"44,9";"45,4";"45,8";"46,1";"46,4";"46,6";"46,7";"46,8";"46,9"
"12065";"Oberhavel";"Landkreis";"39,1";"39,4";"39,7";"40,0";"40,3";"40,7";"41,0";"41,4";"41,8";"42,2";"42,6";"43,0";"43,3";"43,7";"44,0";"44,4";"44,8";"45,1";"45,3";"45,5";"45,5";"45,7";"45,8"
"12066";"Oberspreewald-Lausitz";"Landkreis";"39,4";"39,9";"40,4";"40,8";"41,4";"41,9";"42,6";"43,1";"43,7";"44,3";"44,9";"45,4";"46,0";"46,5";"46,9";"47,3";"47,7";"48,0";"48,3";"48,6";"48,8";"48,9";"49,0"
"12067";"Oder-Spree";"Landkreis";"38,7";"39,1";"39,5";"39,9";"40,4";"40,9";"41,5";"42,0";"42,5";"43,1";"43,6";"44,2";"44,6";"45,1";"45,6";"46,0";"46,7";"47,0";"47,2";"47,3";"46,9";"47,6";"47,8"
"12068";"Ostprignitz-Ruppin";"Landkreis";"38,1";"38,5";"38,9";"39,4";"39,9";"40,5";"41,0";"41,6";"42,1";"42,7";"43,3";"43,8";"44,3";"44,8";"45,3";"45,7";"46,3";"46,7";"46,9";"47,1";"47,3";"47,4";"47,5"
"12069";"Potsdam-Mittelmark";"Landkreis";"39,0";"39,3";"39,5";"39,6";"39,8";"40,2";"40,8";"41,1";"41,5";"42,0";"42,4";"42,8";"43,2";"43,6";"44,0";"44,3";"44,6";"44,8";"45,1";"45,3";"45,3";"45,5";"45,7"
"12070";"Prignitz";"Landkreis";"39,6";"40,1";"40,6";"41,0";"41,5";"42,1";"42,7";"43,2";"43,7";"44,3";"44,9";"45,4";"46,0";"46,5";"47,0";"47,4";"47,9";"48,2";"48,5";"48,8";"48,8";"48,8";"49,0"
"12071";"Spree-Neiße";"Landkreis";"39,0";"39,4";"39,7";"40,0";"40,5";"41,0";"41,8";"42,3";"42,9";"43,5";"44,1";"44,7";"45,3";"45,8";"46,4";"46,9";"47,5";"47,9";"48,2";"48,6";"48,7";"49,0";"49,2"
"12072";"Teltow-Fläming";"Landkreis";"39,0";"39,2";"39,5";"39,7";"40,0";"40,4";"40,8";"41,3";"41,7";"42,1";"42,5";"42,9";"43,3";"43,6";"44,0";"44,4";"44,8";"45,1";"45,3";"45,5";"45,5";"45,6";"45,6"
"12073";"Uckermark";"Landkreis";"37,9";"38,4";"38,9";"39,5";"40,1";"40,7";"41,4";"42,0";"42,6";"43,2";"43,8";"44,4";"45,0";"45,6";"46,1";"46,5";"47,0";"47,4";"47,8";"48,1";"48,2";"48,4";"48,6"
"13003";"Rostock, Stadt";"krsfr. Stadt";"38,3";"39,0";"39,8";"40,4";"41,0";"41,5";"41,9";"42,4";"42,7";"42,9";"43,2";"43,5";"43,7";"43,9";"44,0";"44,2";"44,0";"44,1";"44,3";"44,4";"44,5";"44,5";"44,6"
"13004";"Schwerin, Stadt";"krsfr. Stadt";"38,0";"38,8";"39,5";"40,2";"40,8";"41,4";"41,9";"42,4";"42,9";"43,4";"43,8";"44,2";"44,6";"44,9";"45,2";"45,5";"45,7";"45,9";"46,1";"46,2";"45,3";"45,7";"45,7"
"13071";"Mecklenburgische Seenplatte";"Landkreis";"37,5";"38,0";"38,5";"39,0";"39,5";"40,1";"40,7";"41,2";"41,8";"42,4";"43,0";"43,5";"44,1";"44,6";"45,1";"45,5";"46,0";"46,4";"46,7";"47,0";"47,1";"47,3";"47,5"
"13072";"Landkreis Rostock";"Landkreis";"37,3";"37,7";"38,0";"38,5";"39,0";"39,5";"40,1";"40,6";"41,2";"41,7";"42,3";"42,9";"43,5";"44,0";"44,5";"44,9";"45,3";"45,7";"46,0";"46,2";"46,2";"46,4";"46,5"
"13073";"Vorpommern-Rügen";"Landkreis";"38,4";"38,9";"39,4";"39,9";"40,4";"40,9";"41,4";"42,0";"42,5";"43,1";"43,7";"44,2";"44,7";"45,2";"45,6";"46,0";"46,4";"46,7";"46,9";"47,2";"47,3";"47,5";"47,6"
"13074";"Nordwestmecklenburg";"Landkreis";"38,1";"38,3";"38,7";"39,1";"39,5";"39,9";"40,4";"40,8";"41,3";"41,7";"42,2";"42,7";"43,1";"43,5";"44,0";"44,3";"44,6";"44,9";"45,3";"45,5";"45,7";"45,8";"46,0"
"13075";"Vorpommern-Greifswald";"Landkreis";"37,8";"38,3";"38,8";"39,4";"39,9";"40,4";"41,0";"41,6";"42,1";"42,7";"43,1";"43,6";"44,0";"44,5";"44,9";"45,2";"45,4";"45,7";"46,0";"46,2";"46,4";"46,6";"46,8"
"13076";"Ludwigslust-Parchim";"Landkreis";"37,7";"38,1";"38,4";"38,8";"39,2";"39,7";"40,2";"40,7";"41,3";"41,9";"42,5";"43,0";"43,6";"44,1";"44,6";"45,0";"45,4";"45,7";"46,0";"46,2";"46,2";"46,5";"46,7"
"14511";"Chemnitz, Stadt";"krsfr. Stadt";"41,7";"42,2";"43,7";"43,3";"43,7";"44,2";"44,5";"45,0";"45,4";"45,7";"46,1";"46,3";"46,5";"46,7";"46,8";"46,9";"46,7";"46,7";"46,7";"46,6";"46,2";"46,5";"46,4"
"14521";"Erzgebirgskreis";"Landkreis";"40,8";"41,2";"40,9";"41,8";"42,3";"42,7";"43,1";"43,6";"44,0";"44,4";"44,8";"45,3";"45,7";"46,0";"46,4";"46,7";"47,1";"47,4";"47,6";"47,8";"48,0";"48,2";"48,4"
"14522";"Mittelsachsen";"Landkreis";"40,9";"41,2";"41,5";"41,8";"42,2";"42,6";"43,1";"43,5";"43,9";"44,4";"44,8";"45,3";"45,7";"46,0";"46,4";"46,7";"47,0";"47,2";"47,4";"47,6";"47,6";"47,8";"47,9"
"14523";"Vogtlandkreis";"Landkreis";"42,2";"42,5";"42,8";"43,1";"43,5";"43,8";"44,1";"44,5";"44,9";"45,3";"45,7";"46,1";"46,5";"46,8";"47,2";"47,5";"47,9";"48,1";"48,4";"48,7";"48,7";"48,9";"49,0"
"14524";"Zwickau";"Landkreis";"41,9";"42,2";"42,5";"42,7";"43,1";"43,5";"43,9";"44,3";"44,6";"45,0";"45,4";"45,8";"46,1";"46,5";"46,8";"47,1";"47,5";"47,8";"48,0";"48,1";"48,2";"48,4";"48,5"
"14612";"Dresden, Stadt";"krsfr. Stadt";"40,2";"40,6";"41,5";"41,6";"41,8";"42,0";"42,2";"42,5";"42,6";"42,7";"42,7";"42,6";"42,7";"42,7";"42,7";"42,7";"42,7";"42,6";"42,5";"42,6";"42,5";"42,5";"42,5"
"14625";"Bautzen";"Landkreis";"39,5";"39,8";"40,2";"40,5";"41,0";"41,5";"42,0";"42,5";"43,0";"43,5";"44,0";"44,5";"45,0";"45,4";"45,8";"46,2";"46,6";"46,9";"47,1";"47,4";"47,4";"47,6";"47,8"
"14626";"Görlitz";"Landkreis";"40,2";"40,6";"41,0";"41,4";"41,9";"42,5";"43,0";"43,6";"44,1";"44,6";"45,2";"45,7";"46,1";"46,5";"47,0";"47,3";"47,7";"47,9";"48,2";"48,4";"48,5";"48,7";"48,8"
"14627";"Meißen";"Landkreis";"39,8";"40,1";"39,7";"41,3";"41,8";"42,2";"42,6";"43,1";"43,5";"43,9";"44,4";"44,8";"45,2";"45,6";"46,0";"46,3";"46,6";"46,9";"47,1";"47,2";"47,2";"47,5";"47,7"
"14628";"Sächsische Schweiz-Osterzgebirge";"Landkreis";"41,6";"41,8";"42,0";"41,4";"41,9";"42,3";"42,7";"43,1";"43,5";"43,9";"44,4";"44,8";"45,2";"45,5";"45,8";"46,1";"46,5";"46,7";"46,8";"47,0";"47,0";"47,2";"47,3"
"14713";"Leipzig, Stadt";"krsfr. Stadt";"40,9";"41,3";"41,7";"42,2";"42,5";"42,8";"42,9";"43,1";"43,3";"43,4";"43,5";"43,6";"43,6";"43,6";"43,7";"43,6";"43,4";"43,2";"43,0";"42,8";"42,4";"42,2";"42,0"
"14729";"Leipzig";"Landkreis";"41,0";"41,1";"41,1";"41,2";"41,4";"41,8";"42,2";"42,7";"43,1";"43,6";"44,1";"44,5";"44,9";"45,3";"45,7";"46,1";"46,5";"46,8";"47,0";"47,2";"47,3";"47,4";"47,5"
"14730";"Nordsachsen";"Landkreis";"39,3";"39,6";"39,9";"40,1";"40,6";"41,1";"41,6";"42,1";"42,6";"43,0";"43,6";"44,0";"44,5";"45,0";"45,4";"45,8";"46,3";"46,6";"46,9";"47,1";"47,2";"47,2";"47,4"
"15001";"Dessau-Roßlau, Stadt";"krsfr. Stadt";"41,0";"41,4";"41,8";"42,3";"42,8";"43,4";"43,9";"44,4";"44,9";"45,5";"46,1";"46,6";"47,0";"47,5";"47,9";"48,2";"48,5";"48,8";"49,1";"49,4";"49,5";"49,5";"49,6"
"15002";"Halle (Saale), Stadt";"krsfr. Stadt";"39,4";"39,9";"40,4";"40,9";"41,4";"41,9";"42,4";"42,8";"42,9";"43,2";"43,5";"43,8";"44,0";"44,2";"44,3";"44,3";"44,4";"44,4";"44,4";"44,5";"44,2";"44,1";"44,0"
"15003";"Magdeburg, Stadt";"krsfr. Stadt";"40,2";"40,8";"41,3";"41,8";"42,3";"42,8";"43,2";"43,5";"43,8";"44,1";"44,1";"44,3";"44,4";"44,5";"44,7";"44,8";"44,8";"44,9";"44,9";"44,9";"44,8";"44,6";"44,6"
"15081";"Altmarkkreis Salzwedel";"Landkreis";"38,2";"38,6";"39,0";"39,6";"40,0";"40,4";"40,8";"41,2";"41,7";"42,2";"42,7";"43,2";"43,7";"44,2";"44,7";"45,0";"45,5";"45,8";"46,1";"46,3";"46,3";"46,6";"46,8"
"15082";"Anhalt-Bitterfeld";"Landkreis";"40,2";"40,5";"40,9";"41,3";"41,7";"42,2";"42,7";"43,2";"43,8";"44,3";"44,8";"45,3";"45,7";"46,1";"46,5";"46,9";"47,3";"47,6";"47,9";"48,2";"48,2";"48,5";"48,6"
"15083";"Börde";"Landkreis";"39,2";"39,4";"39,6";"39,9";"40,3";"40,6";"41,0";"41,4";"41,9";"42,4";"42,9";"43,4";"43,8";"44,3";"44,7";"45,0";"45,4";"45,7";"45,9";"46,1";"46,2";"46,4";"46,5"
"15084";"Burgenlandkreis";"Landkreis";"41,0";"41,3";"41,6";"42,0";"42,4";"42,9";"43,4";"43,8";"44,3";"44,7";"45,2";"45,7";"46,1";"46,5";"46,9";"47,2";"47,7";"48,0";"48,1";"48,3";"48,3";"48,4";"48,5"
"15085";"Harz";"Landkreis";"40,2";"40,7";"41,1";"41,5";"41,9";"42,4";"42,8";"43,3";"43,7";"44,3";"44,7";"45,2";"45,6";"46,0";"46,4";"46,7";"47,3";"47,6";"47,8";"48,0";"47,8";"48,1";"48,5"
"15086";"Jerichower Land";"Landkreis";"39,2";"39,5";"39,9";"40,3";"40,7";"41,2";"41,6";"42,2";"42,7";"43,2";"43,8";"44,3";"44,8";"45,2";"45,6";"46,0";"46,5";"46,9";"47,1";"47,4";"47,4";"47,5";"47,8"
"15087";"Mansfeld-Südharz";"Landkreis";"40,6";"41,0";"41,4";"41,8";"42,3";"42,8";"43,6";"44,0";"44,5";"45,1";"45,6";"46,1";"46,3";"46,8";"47,2";"47,6";"48,1";"48,4";"48,6";"48,9";"49,0";"49,3";"49,5"
"15088";"Saalekreis";"Landkreis";"40,2";"40,4";"40,6";"40,8";"41,1";"41,5";"41,7";"42,2";"42,7";"43,1";"43,6";"44,0";"44,7";"45,1";"45,5";"45,8";"46,2";"46,5";"46,8";"47,0";"47,0";"47,2";"47,2"
"15089";"Salzlandkreis";"Landkreis";"40,5";"40,9";"41,3";"41,6";"42,0";"42,5";"43,0";"43,5";"44,0";"44,4";"44,9";"45,4";"45,9";"46,3";"46,6";"47,0";"47,3";"47,6";"47,9";"48,1";"48,1";"48,3";"48,5"
"15090";"Stendal";"Landkreis";"38,3";"38,7";"39,2";"39,6";"40,1";"40,6";"41,1";"41,5";"42,0";"42,5";"43,0";"43,5";"44,0";"44,5";"45,0";"45,4";"45,9";"46,3";"46,6";"46,9";"46,9";"47,1";"47,4"
"15091";"Wittenberg";"Landkreis";"39,7";"40,1";"40,5";"40,9";"41,4";"41,9";"42,6";"43,1";"43,7";"44,2";"44,7";"45,3";"45,8";"46,3";"46,7";"47,1";"47,7";"48,0";"48,3";"48,6";"48,7";"48,9";"49,1"
"16051";"Erfurt, Stadt";"krsfr. Stadt";"39,1";"39,6";"40,1";"40,5";"40,9";"41,3";"41,6";"41,9";"42,1";"42,4";"42,7";"43,0";"43,1";"43,3";"43,5";"43,6";"43,7";"43,7";"43,8";"43,9";"43,8";"43,9";"43,8"
"16052";"Gera, Stadt";"krsfr. Stadt";"39,7";"40,3";"40,9";"41,5";"42,0";"42,6";"43,4";"43,9";"44,4";"44,9";"45,4";"45,9";"46,3";"46,7";"47,1";"47,4";"47,7";"47,9";"48,1";"48,4";"48,0";"48,4";"48,3"
"16053";"Jena, Stadt";"krsfr. Stadt";"38,9";"39,3";"39,6";"39,9";"40,1";"40,5";"40,6";"40,9";"40,8";"41,1";"41,4";"41,7";"41,9";"42,0";"42,1";"42,1";"41,6";"41,8";"41,8";"41,9";"41,9";"42,0";"42,0"
"16054";"Suhl, Stadt";"krsfr. Stadt";"38,5";"39,1";"39,8";"40,4";"41,1";"41,9";"42,6";"43,4";"44,0";"44,8";"45,5";"46,1";"46,8";"47,3";"47,8";"48,4";"49,0";"49,5";"49,8";"49,6";"49,1";"50,0";"50,2"
"16055";"Weimar, Stadt";"krsfr. Stadt";"39,7";"40,1";"40,2";"40,5";"40,8";"41,1";"41,1";"41,3";"41,5";"41,8";"42,0";"42,4";"42,5";"42,7";"42,8";"43,0";"43,2";"43,3";"43,5";"43,7";"43,6";"43,8";"43,9"
"16056";"Eisenach, Stadt";"krsfr. Stadt";"39,5";"40,0";"40,4";"42,6";"42,8";"43,1";"43,4";"43,7";"44,1";"44,4";"44,7";"45,0";"45,2";"45,5";"45,8";"45,9";"46,1";"46,2";"46,4";"46,5";"46,4";"46,5";"46,5"
"16061";"Eichsfeld";"Landkreis";"36,8";"37,2";"37,7";"38,1";"38,6";"39,1";"39,5";"40,0";"40,5";"41,0";"41,4";"41,9";"42,4";"42,8";"43,2";"43,6";"43,9";"44,2";"44,5";"44,8";"44,9";"45,1";"45,3"
"16062";"Nordhausen";"Landkreis";"39,8";"40,2";"40,6";"41,0";"41,4";"41,9";"42,3";"42,8";"43,3";"43,8";"44,2";"44,6";"45,0";"45,3";"45,6";"45,8";"46,1";"46,4";"46,6";"46,8";"46,8";"46,8";"47,0"
"16063";"Wartburgkreis";"Landkreis";"39,6";"40,0";"40,4";"40,2";"40,6";"41,0";"41,5";"42,0";"42,5";"42,9";"43,4";"43,9";"44,3";"44,7";"45,2";"45,5";"45,9";"46,1";"46,4";"46,6";"46,7";"47,0";"47,2"
"16064";"Unstrut-Hainich-Kreis";"Landkreis";"39,1";"39,4";"39,7";"40,0";"40,4";"40,8";"41,2";"41,7";"42,1";"42,6";"43,0";"43,5";"43,8";"44,2";"44,6";"44,9";"45,4";"45,7";"46,0";"46,2";"46,0";"46,4";"46,5"
"16065";"Kyffhäuserkreis";"Landkreis";"39,8";"40,2";"40,6";"40,9";"41,3";"41,7";"42,3";"42,7";"43,2";"43,7";"44,2";"44,7";"45,3";"45,8";"46,2";"46,6";"46,9";"47,2";"47,5";"47,7";"47,8";"47,9";"48,1"
"16066";"Schmalkalden-Meiningen";"Landkreis";"39,8";"40,2";"40,6";"41,0";"41,4";"41,8";"42,3";"42,7";"43,2";"43,6";"44,1";"44,5";"44,9";"45,4";"45,7";"46,1";"46,4";"46,7";"46,9";"47,2";"47,3";"47,6";"47,7"
"16067";"Gotha";"Landkreis";"39,9";"40,2";"40,5";"40,8";"41,1";"41,6";"42,0";"42,4";"42,8";"43,3";"43,7";"44,2";"44,6";"44,9";"45,3";"45,6";"45,8";"46,1";"46,2";"46,4";"46,3";"46,6";"46,6"
"16068";"Sömmerda";"Landkreis";"38,5";"38,9";"39,3";"39,7";"40,1";"40,6";"41,1";"41,5";"42,0";"42,5";"43,0";"43,5";"43,9";"44,3";"44,7";"45,1";"45,4";"45,7";"45,9";"46,2";"46,2";"46,5";"46,6"
"16069";"Hildburghausen";"Landkreis";"38,9";"39,2";"39,6";"39,9";"40,4";"40,9";"41,4";"41,8";"42,3";"42,7";"43,1";"43,7";"44,1";"44,5";"44,9";"45,4";"45,7";"46,0";"46,3";"46,6";"46,7";"46,9";"47,1"
"16070";"Ilm-Kreis";"Landkreis";"40,1";"40,5";"40,8";"41,2";"41,5";"41,9";"42,3";"42,7";"43,1";"43,5";"44,0";"44,5";"44,9";"45,2";"45,5";"45,7";"45,9";"46,1";"46,3";"46,5";"46,4";"46,6";"46,7"
"16071";"Weimarer Land";"Landkreis";"38,7";"39,0";"39,2";"39,5";"39,8";"40,3";"40,8";"41,2";"41,8";"42,3";"42,7";"43,1";"43,6";"44,0";"44,4";"44,6";"45,0";"45,3";"45,5";"45,8";"45,8";"45,9";"46,1"
"16072";"Sonneberg";"Landkreis";"40,7";"41,1";"41,4";"41,8";"42,3";"42,7";"43,2";"43,6";"44,0";"44,5";"44,9";"45,4";"45,8";"46,2";"46,7";"47,0";"47,4";"47,8";"48,1";"48,4";"48,4";"48,6";"48,7"
"16073";"Saalfeld-Rudolstadt";"Landkreis";"40,5";"40,9";"41,2";"41,8";"42,3";"42,7";"43,2";"43,7";"44,2";"44,7";"45,2";"45,6";"46,2";"46,6";"47,0";"47,4";"47,8";"48,1";"48,4";"48,6";"48,7";"48,9";"49,0"
"16074";"Saale-Holzland-Kreis";"Landkreis";"39,4";"39,7";"40,0";"40,3";"40,7";"41,1";"41,6";"42,0";"42,5";"43,0";"43,6";"44,1";"44,5";"44,9";"45,4";"45,7";"46,0";"46,3";"46,5";"46,6";"46,1";"46,7";"47,3"
"16075";"Saale-Orla-Kreis";"Landkreis";"39,7";"40,1";"40,5";"40,9";"41,3";"41,8";"42,2";"42,7";"43,2";"43,7";"44,2";"44,7";"45,1";"45,5";"45,9";"46,2";"46,6";"46,9";"47,2";"47,5";"47,5";"47,7";"47,9"
"16076";"Greiz";"Landkreis";"40,8";"41,1";"41,4";"41,7";"42,1";"42,6";"43,1";"43,6";"44,1";"44,6";"45,1";"45,7";"46,1";"46,6";"47,1";"47,5";"47,9";"48,2";"48,5";"48,8";"48,9";"49,3";"49,4"
"16077";"Altenburger Land";"Landkreis";"41,3";"41,7";"42,0";"42,4";"42,9";"43,4";"43,9";"44,4";"44,9";"45,3";"45,8";"46,3";"46,7";"47,1";"47,6";"48,0";"48,5";"48,8";"49,0";"49,3";"49,4";"49,5";"49,7"
